DepositID,CustomerID,BranchID,DepositType,Amount,InterestRate,Currency,OpenDate,MaturityDate
DP1,891560,BLR01,Savings,850555.35,5.32,INR,2024-04-16,2031-03-01
DP2,884359,KOL01,Fixed Deposit,1642054.97,4.52,INR,2024-08-27,2027-01-09
DP3,218169,KOL01,Savings,3037827.94,4.76,INR,2023-10-28,2028-05-27
DP4,867649,KOL01,Savings,4918163.92,4.79,INR,2023-01-26,2030-12-29
DP5,940887,CHN01,Current,1221127.26,4.88,INR,2024-06-11,2027-12-18
DP6,343629,BLR01,Current,3837994.11,6.21,INR,2023-01-14,2024-04-15
DP7,541722,BLR01,Savings,662219.44,3.17,INR,2024-05-13,2030-11-11
DP8,779968,MUM01,Savings,3251679.67,3.24,INR,2023-03-25,2026-03-07
DP9,722276,KOL01,Fixed Deposit,250941.75,5.68,INR,2023-11-11,2028-11-05
DP10,186071,DEL01,Savings,3612686.62,2.23,INR,2023-02-08,2031-12-30
DP11,951094,HYD01,Current,3245762.77,5.98,INR,2024-03-17,2032-09-13
DP12,469548,KOL01,Savings,1554080.28,2.66,INR,2023-05-10,2026-10-17
DP13,310562,MUM01,Fixed Deposit,1456841.59,2.13,INR,2023-11-11,2024-12-22
DP14,336135,MUM01,Current,48011.75,6.49,INR,2024-05-04,2028-12-11
DP15,929801,MUM01,Savings,506326.16,5.05,INR,2024-06-20,2033-08-23
DP16,466039,BLR01,Savings,1037942.22,2.37,INR,2024-10-06,2027-11-11
DP17,959398,CHN01,Current,1320155.11,2.87,INR,2024-11-03,2029-05-11
DP18,542941,HYD01,Current,4416354.55,2.24,INR,2023-05-06,2025-07-10
DP19,255562,DEL01,Fixed Deposit,2098639.79,4.5,INR,2023-07-16,2028-09-02
DP20,730272,DEL01,Savings,1683217.12,2.92,INR,2025-01-01,2033-11-23
DP21,963273,KOL01,Fixed Deposit,4666231.6,5.61,INR,2023-04-01,2031-03-08
DP22,249012,MUM01,Fixed Deposit,2446428.1,5.55,INR,2024-10-05,2034-04-11
DP23,284630,CHN02,Fixed Deposit,2440574.71,3.29,INR,2023-02-05,2032-01-24
DP24,266323,BLR01,Fixed Deposit,892056.18,2.78,INR,2023-12-22,2030-08-05
DP25,742080,CHN02,Fixed Deposit,866579.94,4.08,INR,2023-01-18,2024-05-29
DP26,663406,DEL01,Current,2629127.47,3.74,INR,2024-09-21,2032-09-10
DP27,940347,KOL01,Savings,2586848.53,3.19,INR,2023-06-14,2027-10-28
DP28,998758,DEL01,Current,3390248.62,6.9,INR,2023-09-17,2033-06-02
DP29,696732,MUM01,Savings,4100353.29,3.93,INR,2024-09-03,2025-10-29
DP30,482965,CHN01,Savings,2854648.39,5.57,INR,2024-08-23,2029-06-23
DP31,346835,MUM01,Fixed Deposit,114135.49,4.87,INR,2024-01-06,2030-12-17
DP32,134230,BLR01,Savings,-232045.54,3.59,INR,2024-02-21,2025-05-26
DP33,315725,DEL01,Current,2481200.76,5.21,INR,2024-10-08,2025-11-09
DP34,636648,HYD01,Current,3226485.59,6.3,INR,2024-05-21,2033-08-06
DP35,466651,DEL01,Current,-191941.38,6.91,INR,2023-11-03,2032-04-16
DP36,842646,BLR01,Fixed Deposit,765877.94,5.44,INR,2023-07-29,2026-09-18
DP37,112323,MUM01,Current,3198424.75,6.62,INR,2023-06-29,2032-06-06
DP38,675289,KOL01,Current,-248417.89,5.22,INR,2023-04-30,2024-12-23
DP39,519323,CHN02,Savings,3555032.28,2.16,INR,2023-03-02,2027-06-11
DP40,468963,KOL01,Savings,2183376.35,3.06,INR,2023-05-23,2033-02-07
DP41,422469,CHN01,Current,-446870.75,2.62,INR,2023-08-19,2027-11-13
DP42,507656,KOL01,Fixed Deposit,4708571.68,5.67,INR,2023-12-23,2031-10-04
DP43,774232,MUM01,Savings,2764940.45,5.89,INR,2024-03-03,2026-07-23
DP44,790282,CHN01,Fixed Deposit,3567459.22,2.43,INR,2024-05-30,2030-09-15
DP45,926852,BLR01,Fixed Deposit,2157150.06,2.41,INR,2023-09-19,2029-10-04
DP46,277805,MUM01,Fixed Deposit,3182440.12,6.53,INR,2023-08-18,2024-11-06
DP47,440203,BLR01,Savings,4104998.54,4.91,INR,2024-11-12,2032-09-17
DP48,544624,BLR01,Current,2715881.65,4.02,INR,2024-02-07,2033-05-26
DP49,703251,HYD01,Savings,1655690.98,2.89,INR,2024-10-13,2025-10-24
DP50,199160,CHN01,Current,751101.21,4.5,INR,2024-06-30,2027-12-18
DP51,144468,BLR01,Current,3016417.95,2.78,INR,2023-04-20,2029-07-01
DP52,161530,MUM01,Current,2840709.13,4.16,INR,2023-04-03,2028-10-05
DP53,211123,KOL01,Fixed Deposit,1567550.1,2.35,INR,2024-10-28,2027-03-24
DP54,522766,MUM01,Current,2907467.3,3.28,INR,2023-08-18,2026-06-16
DP55,329847,DEL01,Savings,1891336.88,4.07,INR,2023-05-18,2032-06-14
DP56,527764,CHN02,Current,4943848.14,3.16,INR,2023-04-25,2028-07-12
DP57,569313,CHN02,Current,964358.45,3.54,INR,2024-04-07,2030-07-10
DP58,128755,CHN01,Current,606645.82,3.95,INR,2024-04-17,2028-06-22
DP59,497103,CHN02,Savings,2244556.81,2.8,INR,2024-09-26,2034-03-24
DP60,800581,BLR01,Fixed Deposit,3485070.63,3.6,INR,2023-01-20,2028-10-28
DP61,404519,BLR01,Current,4695317.78,2.39,INR,2023-04-21,2025-01-28
DP62,282302,HYD01,Current,878440.06,6.5,INR,2023-04-29,2026-02-27
DP63,614997,HYD01,Current,4162528.08,6.63,INR,2024-11-25,2031-05-13
DP64,881089,KOL01,Fixed Deposit,1324164.6,2.84,INR,2024-02-27,2026-12-07
DP65,475832,CHN02,Current,1889926.71,5.16,INR,2023-01-21,2026-05-31
DP66,617739,HYD01,Current,2753269.39,3.37,INR,2024-05-18,2029-09-09
DP67,954130,MUM01,Current,2720078.44,5.73,INR,2024-05-22,2033-05-04
DP68,324111,DEL01,Current,4415501.05,5.3,INR,2023-12-12,2028-02-29
DP69,147673,HYD01,Savings,3560624.02,6.23,INR,2023-01-20,2028-08-18
DP70,896871,BLR01,Current,2594227.32,6.01,INR,2023-10-30,2028-01-24
DP71,912095,KOL01,Savings,1542292.67,3.76,INR,2024-10-20,2030-12-13
DP72,482148,CHN02,Current,3449084.63,6.64,INR,2023-09-25,2032-08-02
DP73,812822,CHN01,Savings,465855.22,3.86,INR,2023-07-07,2031-04-20
DP74,143859,CHN01,Current,2441516.31,2.43,INR,2023-06-07,2032-11-22
DP75,940536,BLR01,Current,1670874.85,4.17,INR,2024-03-17,2026-02-07
DP76,144917,CHN01,Current,4388402.9,5.34,INR,2024-05-03,2028-09-16
DP77,404186,CHN02,Savings,4771805.26,4.89,INR,2023-11-11,2028-03-24
DP78,546495,CHN01,Savings,521585.88,2.39,INR,2024-12-05,2026-12-02
DP79,499752,MUM01,Current,1607411.77,4.04,INR,2023-08-23,2027-02-01
DP80,636179,DEL01,Savings,445428.88,6.95,INR,2023-09-15,2029-03-19
DP81,277948,DEL01,Savings,1162847.4,2.28,INR,2024-10-15,2028-04-04
DP82,766600,CHN02,Current,2818738.88,3.24,INR,2024-06-25,2031-02-16
DP83,612113,DEL01,Savings,3423336.88,6.51,INR,2023-08-18,2026-07-09
DP84,136442,MUM01,Fixed Deposit,4865453.45,6.45,INR,2024-01-15,2027-04-24
DP85,397626,BLR01,Savings,3011894.62,2.74,INR,2023-06-26,2029-12-29
DP86,271454,HYD01,Savings,1013901.09,4.39,INR,2024-08-29,2031-07-10
DP87,583252,CHN02,Fixed Deposit,2519721.04,5.59,INR,2023-02-12,2031-12-23
DP88,645983,KOL01,Current,3884458.99,3.45,INR,2023-11-20,2030-11-02
DP89,196931,CHN02,Fixed Deposit,3738946.78,4.63,INR,2024-02-13,2030-01-01
DP90,683927,CHN02,Current,106171.07,6.95,INR,2023-04-05,2031-05-02
DP91,864070,CHN01,Current,3033088.15,5.88,INR,2024-03-25,2032-12-20
DP92,927333,KOL01,Fixed Deposit,1512313.43,4.82,INR,2024-03-14,2029-12-12
DP93,686531,BLR01,Fixed Deposit,1315573.7,3.1,INR,2023-12-14,2025-03-25
DP94,428546,DEL01,Current,4623764.91,3.43,INR,2024-04-11,2029-08-08
DP95,208636,DEL01,Savings,3483883.66,3.3,INR,2023-05-06,2028-04-04
DP96,717408,BLR01,Current,1813091.95,4.5,INR,2024-03-01,2026-10-02
DP97,474349,HYD01,Savings,-44060.35,4.64,INR,2023-01-20,2025-07-24
DP98,440423,MUM01,Fixed Deposit,712646.5,4.29,INR,2023-02-02,2026-10-24
DP99,606272,CHN02,Current,3796596.31,3.61,INR,2023-10-29,2025-11-11
DP100,350891,KOL01,Fixed Deposit,4619113.29,3.45,INR,2023-03-12,2027-12-24
DP101,562187,BLR01,Current,634983.04,4.37,INR,2023-04-30,2031-02-05
DP102,455243,KOL01,Savings,3193171.7,4.39,INR,2023-08-26,2031-11-25
DP103,863088,BLR01,Current,2544858.62,6.2,INR,2023-12-20,2026-11-27
DP104,611973,CHN02,Savings,1107663.05,3.05,INR,2024-12-17,2032-01-03
DP105,361808,CHN01,Current,3363094.26,3.43,INR,2024-02-20,2025-03-16
DP106,138369,CHN02,Fixed Deposit,3997652.3,2.23,INR,2024-11-19,2034-05-29
DP107,527717,KOL01,Current,4843930.68,3.15,INR,2023-12-28,2028-07-13
DP108,572843,KOL01,Current,2093009.5,5.38,INR,2024-07-24,2032-04-26
DP109,898163,HYD01,Savings,2278741.86,3.51,INR,2024-08-28,2026-01-18
DP110,143272,DEL01,Current,1487435.68,2.31,INR,2023-08-29,2030-11-27
DP111,200782,BLR01,Current,3290019.01,5.52,INR,2023-03-02,2031-03-04
DP112,214803,KOL01,Current,2781818.76,3.64,INR,2023-11-08,2030-03-13
DP113,769593,DEL01,Savings,4840484.73,2.5,INR,2023-02-11,2032-06-03
DP114,219640,KOL01,Fixed Deposit,4161163.31,5.79,INR,2023-10-09,2030-03-02
DP115,131376,CHN01,Savings,1883325.22,3.7,INR,2024-05-07,2033-09-26
DP116,203483,MUM01,Current,3099955.45,4.39,INR,2024-02-13,2027-01-03
DP117,475889,CHN02,Current,3706331.53,6.64,INR,2024-12-02,2030-03-19
DP118,343704,MUM01,Current,2024373.73,5.92,INR,2023-06-30,2029-03-13
DP119,457969,CHN01,Fixed Deposit,3286003.46,5.5,INR,2024-02-27,2031-10-17
DP120,512239,BLR01,Savings,3981148.56,3.76,INR,2023-08-10,2031-11-07
DP121,569992,KOL01,Fixed Deposit,3872256.5,3.82,INR,2023-12-28,2026-05-30
DP122,695785,DEL01,Savings,2006490.01,6.74,INR,2024-12-10,2027-03-10
DP123,110367,HYD01,Fixed Deposit,1459572.46,6.63,INR,2024-07-12,2029-10-09
DP124,553972,MUM01,Current,3047274.91,5.54,INR,2024-07-15,2026-06-11
DP125,393583,CHN02,Savings,-244849.23,4.64,INR,2024-12-24,2032-04-10
DP126,500511,DEL01,Savings,3057401.72,5.4,INR,2024-01-07,2026-08-12
DP127,873759,CHN01,Current,2905434.38,2.57,INR,2024-04-19,2033-05-03
DP128,643277,CHN02,Savings,2649878.97,4.21,INR,2024-03-03,2033-01-30
DP129,135194,HYD01,Fixed Deposit,4325113.92,4.87,INR,2023-03-14,2025-01-25
DP130,482141,CHN02,Fixed Deposit,2883938.4,2.88,INR,2024-05-02,2031-02-07
DP131,225137,CHN01,Fixed Deposit,4940794.1,5.59,INR,2024-12-21,2032-10-01
DP132,355626,MUM01,Current,4205418.78,5.4,INR,2023-06-17,2030-09-08
DP133,725871,BLR01,Current,4466951.98,5.04,INR,2024-08-31,2030-02-07
DP134,418572,HYD01,Savings,2373012.3,2.38,INR,2024-04-09,2032-12-16
DP135,615358,DEL01,Current,3551476.14,5.67,INR,2024-10-20,2027-04-10
DP136,662779,CHN01,Current,-293865.12,5.24,INR,2023-11-02,2033-06-01
DP137,299318,DEL01,Current,37370.94,6.13,INR,2024-04-04,2032-07-26
DP138,175512,KOL01,Fixed Deposit,4168101.71,6.14,INR,2023-01-14,2028-12-14
DP139,224030,KOL01,Fixed Deposit,4218050.41,4.39,INR,2024-01-08,2028-03-28
DP140,538172,HYD01,Current,1387667.54,6.16,INR,2024-01-10,2026-01-24
DP141,718452,DEL01,Savings,4922245.94,6.96,INR,2024-03-29,2027-04-22
DP142,204728,MUM01,Fixed Deposit,2850559.59,2.48,INR,2024-06-12,2033-07-08
DP143,179341,HYD01,Savings,4439136.38,6.38,INR,2024-09-22,2026-08-06
DP144,362241,HYD01,Current,4561779.2,4.42,INR,2023-11-06,2033-09-01
DP145,943527,HYD01,Current,142834.15,2.07,INR,2024-09-28,2029-09-18
DP146,405197,CHN02,Savings,2628374.78,3.36,INR,2023-08-19,2024-10-25
DP147,201374,MUM01,Savings,851027.49,6.7,INR,2024-07-04,2027-10-25
DP148,507965,BLR01,Fixed Deposit,-108850.78,3.84,INR,2023-11-10,2031-03-06
DP149,657202,CHN01,Fixed Deposit,3577592.27,6.89,INR,2024-05-09,2031-05-02
DP150,559056,MUM01,Savings,3435754.16,3.29,INR,2024-12-26,2034-05-08
DP151,895225,CHN02,Fixed Deposit,1433900.92,3.4,INR,2023-04-20,2025-03-08
DP152,556107,CHN02,Savings,4355769.78,3.89,INR,2024-08-20,2028-07-05
DP153,188581,HYD01,Fixed Deposit,739660.17,6.06,INR,2024-07-15,2030-08-11
DP154,415321,DEL01,Savings,831712.32,6.43,INR,2023-03-19,2032-10-20
DP155,874561,CHN01,Fixed Deposit,4051856.79,2.99,INR,2023-04-18,2026-05-09
DP156,164054,CHN01,Savings,2643263.74,5.93,INR,2024-02-07,2027-09-03
DP157,382719,CHN02,Fixed Deposit,2462148.09,2.97,INR,2024-07-14,2028-11-20
DP158,152684,CHN02,Savings,4115330.4,6.93,INR,2023-02-05,2029-02-08
DP159,851443,CHN02,Savings,2137394.92,5.78,INR,2024-02-03,2027-08-04
DP160,610216,KOL01,Fixed Deposit,4209287.41,5.29,INR,2024-06-26,2030-04-26
DP161,609023,BLR01,Fixed Deposit,3436722.67,6.88,INR,2023-08-12,2032-01-22
DP162,644048,KOL01,Fixed Deposit,1478741.91,3.93,INR,2023-04-25,2024-11-10
DP163,692840,KOL01,Savings,2310240.34,2.03,INR,2024-04-27,2026-06-15
DP164,208748,BLR01,Savings,282868.54,6.83,INR,2024-01-17,2033-06-06
DP165,153119,DEL01,Savings,373587.77,5.69,INR,2023-06-21,2032-07-21
DP166,398723,MUM01,Savings,3898737.56,2.73,INR,2024-10-02,2028-12-20
DP167,746301,MUM01,Savings,1044190.51,6.16,INR,2024-07-21,2030-12-26
DP168,330667,CHN02,Fixed Deposit,-421118.2,4.71,INR,2024-02-12,2028-03-12
DP169,757177,KOL01,Current,2706732.5,3.94,INR,2023-04-18,2032-10-25
DP170,702426,DEL01,Current,241499.45,6.0,INR,2023-09-21,2031-08-05
DP171,679751,KOL01,Fixed Deposit,3332907.92,5.71,INR,2024-12-03,2028-08-09
DP172,366485,DEL01,Fixed Deposit,145158.37,2.53,INR,2023-09-26,2025-01-22
DP173,231469,KOL01,Savings,3553997.26,3.44,INR,2023-01-09,2027-03-02
DP174,172169,CHN01,Fixed Deposit,1318869.92,2.14,INR,2024-07-01,2025-08-14
DP175,997622,CHN02,Current,4611572.68,3.53,INR,2024-04-23,2026-03-13
DP176,863312,DEL01,Fixed Deposit,2492999.4,4.43,INR,2024-07-26,2026-04-27
DP177,128431,HYD01,Current,1792330.76,2.37,INR,2024-03-14,2029-11-01
DP178,971473,CHN02,Fixed Deposit,1597313.3,3.55,INR,2024-04-09,2031-07-28
DP179,820909,KOL01,Fixed Deposit,2919268.48,3.76,INR,2024-08-10,2027-02-16
DP180,768091,DEL01,Current,1690311.87,3.33,INR,2024-01-17,2033-11-16
DP181,327369,CHN02,Savings,690756.55,4.34,INR,2023-03-17,2032-02-29
DP182,231960,DEL01,Current,198487.2,2.91,INR,2024-11-23,2034-04-26
DP183,907694,MUM01,Current,2027615.09,3.7,INR,2024-03-08,2026-06-27
DP184,907844,KOL01,Fixed Deposit,4842148.05,2.63,INR,2023-05-08,2028-02-03
DP185,938178,CHN02,Fixed Deposit,2858441.43,5.68,INR,2024-07-31,2031-01-17
DP186,264799,CHN02,Current,124192.82,3.6,INR,2024-11-02,2029-07-28
DP187,428428,KOL01,Savings,2957155.75,2.47,INR,2024-11-22,2031-08-29
DP188,610806,CHN01,Current,1443682.49,4.32,INR,2023-01-08,2024-03-30
DP189,892039,BLR01,Fixed Deposit,2548861.99,5.87,INR,2024-08-18,2026-07-30
DP190,249205,DEL01,Fixed Deposit,4329623.74,5.43,INR,2024-08-09,2027-04-25
DP191,674065,MUM01,Current,4367590.54,2.9,INR,2023-08-31,2032-05-02
DP192,335009,CHN01,Current,-276296.24,4.34,INR,2024-06-10,2033-07-29
DP193,748775,BLR01,Current,4989754.26,2.49,INR,2024-07-01,2033-07-03
DP194,145545,MUM01,Savings,4988569.87,2.15,INR,2024-11-20,2033-10-20
DP195,786111,HYD01,Fixed Deposit,23200.64,3.81,INR,2023-05-28,2027-08-19
DP196,905656,MUM01,Current,2506881.66,5.56,INR,2024-03-16,2029-07-15
DP197,234075,HYD01,Current,398752.85,6.5,INR,2024-04-27,2029-06-08
DP198,576532,KOL01,Fixed Deposit,3873331.92,2.32,INR,2023-04-11,2030-08-23
DP199,114799,CHN01,Fixed Deposit,13466.05,3.96,INR,2023-04-20,2025-12-01
DP200,609695,BLR01,Current,1353297.9,4.94,INR,2023-10-18,2029-08-17
DP201,987973,HYD01,Current,4970374.99,6.37,INR,2023-07-08,2031-05-01
DP202,445707,MUM01,Current,-108775.69,5.97,INR,2024-06-07,2026-02-15
DP203,755382,KOL01,Savings,1177965.98,3.44,INR,2023-06-11,2032-02-05
DP204,794253,BLR01,Fixed Deposit,2341603.33,5.21,INR,2024-11-29,2025-12-01
DP205,630264,CHN02,Fixed Deposit,1972130.07,4.84,INR,2023-11-01,2025-11-15
DP206,845644,KOL01,Savings,3894805.07,5.26,INR,2023-12-31,2028-12-21
DP207,674845,CHN02,Savings,3856789.57,6.21,INR,2024-09-14,2029-02-15
DP208,924198,BLR01,Fixed Deposit,2571040.32,5.53,INR,2024-07-25,2026-05-07
DP209,772523,KOL01,Savings,3455419.16,6.9,INR,2023-06-06,2025-02-07
DP210,211430,KOL01,Current,2447516.69,4.85,INR,2023-05-14,2025-12-27
DP211,716571,KOL01,Fixed Deposit,224643.68,3.9,INR,2023-05-25,2026-12-04
DP212,809749,CHN02,Fixed Deposit,143541.05,3.8,INR,2024-05-21,2027-04-02
DP213,396989,HYD01,Fixed Deposit,3622174.61,2.56,INR,2024-02-11,2025-11-14
DP214,127056,MUM01,Savings,2976921.97,6.45,INR,2024-11-01,2028-08-08
DP215,794954,DEL01,Fixed Deposit,3342514.87,5.62,INR,2024-04-23,2034-04-20
DP216,145177,CHN01,Current,3379400.83,3.08,INR,2024-05-18,2032-04-18
DP217,738134,CHN02,Current,548939.78,4.9,INR,2024-08-24,2031-12-09
DP218,350585,DEL01,Current,4725349.1,4.37,INR,2023-10-12,2027-08-03
DP219,500816,CHN01,Savings,1990854.25,6.74,INR,2024-12-08,2030-06-30
DP220,910057,MUM01,Current,4530741.85,6.57,INR,2023-01-07,2030-01-06
DP221,996480,HYD01,Current,879947.3,4.47,INR,2024-12-28,2034-11-22
DP222,126467,BLR01,Current,1818859.65,6.72,INR,2023-12-28,2025-03-25
DP223,901166,DEL01,Current,3028983.73,4.74,INR,2023-05-01,2031-01-08
DP224,791562,HYD01,Savings,331853.48,2.01,INR,2024-02-01,2031-11-05
DP225,535426,CHN01,Savings,4692139.21,5.63,INR,2023-09-16,2028-05-08
DP226,968671,MUM01,Fixed Deposit,4206991.01,2.36,INR,2023-03-06,2028-04-07
DP227,654623,HYD01,Fixed Deposit,3791123.6,3.17,INR,2024-10-16,2031-12-08
DP228,465873,KOL01,Fixed Deposit,1713688.3,5.05,INR,2024-10-05,2033-03-23
DP229,727344,MUM01,Current,128798.04,3.72,INR,2024-12-09,2028-02-20
DP230,237802,DEL01,Savings,1546403.44,2.69,INR,2023-10-04,2030-07-08
DP231,616526,CHN01,Current,1287337.45,3.59,INR,2024-02-16,2031-02-18
DP232,601324,BLR01,Current,573991.8,6.28,INR,2023-06-29,2026-02-23
DP233,161012,BLR01,Savings,-110482.65,3.95,INR,2023-06-28,2028-03-26
DP234,345395,DEL01,Savings,4850205.95,5.97,INR,2023-06-13,2025-02-04
DP235,518343,CHN01,Fixed Deposit,2464720.35,5.02,INR,2024-02-27,2033-10-20
DP236,280322,CHN02,Current,2100108.21,6.83,INR,2023-08-03,2026-12-24
DP237,511852,CHN02,Current,2223591.4,6.06,INR,2023-10-19,2033-06-27
DP238,818066,CHN01,Fixed Deposit,3597687.18,3.67,INR,2024-10-03,2026-04-07
DP239,989033,HYD01,Fixed Deposit,2818880.18,6.01,INR,2023-07-26,2030-09-25
DP240,726154,BLR01,Current,3783099.97,3.26,INR,2023-12-17,2033-06-17
DP241,792304,DEL01,Current,3380360.76,2.94,INR,2024-10-16,2027-11-22
DP242,396978,BLR01,Current,2012507.68,4.32,INR,2024-02-24,2030-04-22
DP243,681524,CHN02,Savings,185074.78,3.12,INR,2023-09-02,2031-12-27
DP244,201748,DEL01,Current,2300600.77,4.02,INR,2024-02-06,2032-05-02
DP245,734488,CHN02,Fixed Deposit,985530.18,5.84,INR,2024-05-26,2031-10-17
DP246,525983,HYD01,Savings,1523398.66,2.67,INR,2024-02-21,2027-03-19
DP247,854717,HYD01,Savings,3251821.16,6.61,INR,2024-06-25,2032-04-22
DP248,423620,KOL01,Fixed Deposit,821895.81,5.42,INR,2023-08-18,2031-03-01
DP249,604838,KOL01,Fixed Deposit,96555.32,3.91,INR,2024-12-10,2028-11-17
DP250,891261,CHN01,Current,1588724.94,5.74,INR,2024-09-15,2028-02-22
DP251,803500,BLR01,Fixed Deposit,40230.16,5.73,INR,2023-12-30,2031-01-17
DP252,689451,MUM01,Current,2441838.0,6.93,INR,2024-10-29,2029-06-09
DP253,318056,DEL01,Fixed Deposit,4999514.09,5.84,INR,2024-03-11,2032-04-11
DP254,744071,DEL01,Fixed Deposit,1572360.09,2.52,INR,2024-02-25,2030-12-25
DP255,718361,CHN02,Savings,3527376.06,3.15,INR,2023-05-18,2026-06-28
DP256,579642,DEL01,Savings,3908201.75,4.53,INR,2024-05-31,2026-05-10
DP257,930911,CHN01,Savings,1222499.75,2.69,INR,2024-01-02,2030-11-16
DP258,786009,CHN01,Savings,2563807.95,5.53,INR,2023-09-07,2027-05-25
DP259,863756,MUM01,Current,2738471.02,6.57,INR,2023-01-12,2024-08-14
DP260,330404,CHN02,Savings,4928686.85,6.15,INR,2023-04-11,2029-01-17
DP261,671649,HYD01,Fixed Deposit,2060234.58,3.06,INR,2024-12-02,2028-11-14
DP262,915791,CHN02,Current,4716410.82,6.93,INR,2024-05-02,2031-10-20
DP263,850227,CHN01,Savings,2803087.83,2.2,INR,2023-07-19,2030-03-14
DP264,650126,KOL01,Fixed Deposit,2994937.97,5.79,INR,2024-03-30,2028-09-19
DP265,835375,HYD01,Current,2065249.86,4.34,INR,2023-11-16,2030-11-13
DP266,782403,CHN01,Current,4522490.02,2.65,INR,2024-04-29,2032-02-20
DP267,448859,HYD01,Fixed Deposit,583967.63,4.91,INR,2023-01-11,2025-01-27
DP268,986043,MUM01,Current,1043355.73,6.54,INR,2023-09-20,2030-01-11
DP269,328232,BLR01,Fixed Deposit,4203639.03,3.87,INR,2023-05-02,2030-02-12
DP270,506904,CHN02,Fixed Deposit,3994758.17,6.37,INR,2023-05-30,2026-01-11
DP271,415252,KOL01,Savings,49465.47,6.93,INR,2024-03-23,2030-02-25
DP272,194731,KOL01,Savings,1620986.37,5.57,INR,2023-01-13,2024-08-14
DP273,599853,DEL01,Savings,1556297.96,2.53,INR,2024-04-09,2032-06-30
DP274,121409,HYD01,Savings,4355940.75,5.44,INR,2023-09-05,2033-07-04
DP275,575494,MUM01,Savings,830964.33,3.53,INR,2024-05-20,2028-04-21
DP276,120441,HYD01,Current,4720487.21,3.68,INR,2024-05-23,2031-11-06
DP277,336486,KOL01,Current,4495697.14,2.72,INR,2023-11-17,2029-10-18
DP278,801782,DEL01,Current,606987.16,2.86,INR,2023-11-07,2028-03-13
DP279,433509,DEL01,Savings,4039139.42,5.81,INR,2024-02-18,2025-06-28
DP280,835841,MUM01,Fixed Deposit,3423202.42,2.84,INR,2023-09-13,2030-02-19
DP281,733739,CHN01,Current,927138.77,3.98,INR,2023-07-20,2031-03-28
DP282,465715,BLR01,Current,137919.54,5.11,INR,2023-09-19,2028-03-27
DP283,337264,HYD01,Fixed Deposit,1208709.68,4.65,INR,2023-07-16,2029-11-18
DP284,138089,KOL01,Current,1090833.9,4.25,INR,2023-08-17,2027-05-03
DP285,382823,HYD01,Fixed Deposit,-30073.16,2.7,INR,2024-06-30,2031-03-29
DP286,956114,CHN02,Current,3837690.84,2.42,INR,2024-04-08,2030-08-03
DP287,337714,MUM01,Fixed Deposit,2516309.71,4.58,INR,2024-07-13,2032-07-01
DP288,260173,CHN02,Savings,-295216.59,4.14,INR,2024-03-18,2030-06-25
DP289,625285,HYD01,Fixed Deposit,1077548.21,4.98,INR,2024-03-19,2033-03-07
DP290,912897,CHN02,Savings,2546500.73,3.89,INR,2023-12-26,2025-10-26
DP291,332700,KOL01,Savings,1622682.35,2.82,INR,2023-03-17,2026-11-07
DP292,956475,KOL01,Fixed Deposit,3815129.84,5.96,INR,2023-05-03,2025-07-03
DP293,431909,HYD01,Fixed Deposit,1868016.57,3.4,INR,2023-06-17,2029-05-13
DP294,810526,KOL01,Fixed Deposit,2353934.92,6.35,INR,2023-09-26,2027-04-28
DP295,548514,DEL01,Savings,1456758.96,4.04,INR,2024-08-09,2034-07-14
DP296,331355,CHN02,Savings,4415239.54,6.61,INR,2024-11-05,2034-03-20
DP297,414141,BLR01,Fixed Deposit,4447761.12,5.02,INR,2024-09-18,2034-09-12
DP298,760708,DEL01,Savings,2709581.27,2.94,INR,2024-07-10,2031-06-20
DP299,216003,BLR01,Current,3863605.43,3.9,INR,2024-02-03,2026-12-02
DP300,555496,HYD01,Current,1539581.75,4.69,INR,2023-07-28,2029-04-23
DP301,716501,CHN02,Current,1710241.36,3.43,INR,2024-05-29,2027-11-22
DP302,346518,KOL01,Savings,3077737.07,5.46,INR,2024-04-14,2031-02-20
DP303,850062,KOL01,Savings,1169257.17,3.93,INR,2024-11-20,2034-01-03
DP304,838120,MUM01,Fixed Deposit,1031388.15,6.12,INR,2023-03-27,2032-02-16
DP305,235761,CHN02,Fixed Deposit,1659259.96,4.44,INR,2023-05-24,2032-03-29
DP306,907631,MUM01,Current,2191866.72,5.41,INR,2024-11-24,2027-09-04
DP307,924908,CHN01,Current,4975950.41,6.47,INR,2023-07-04,2030-07-04
DP308,834148,CHN02,Savings,3351883.89,2.96,INR,2023-07-31,2029-10-28
DP309,182110,KOL01,Fixed Deposit,804844.07,6.42,INR,2024-07-16,2033-09-26
DP310,981675,KOL01,Current,4859612.46,2.98,INR,2024-12-07,2027-07-26
DP311,463539,DEL01,Fixed Deposit,4765841.73,5.08,INR,2023-12-16,2029-09-29
DP312,454782,MUM01,Savings,3033485.94,4.66,INR,2024-02-20,2031-03-19
DP313,246891,KOL01,Savings,2067631.66,2.24,INR,2023-01-15,2025-12-02
DP314,783308,BLR01,Current,4844324.81,5.24,INR,2023-07-28,2025-11-23
DP315,847968,CHN02,Fixed Deposit,2014353.75,3.39,INR,2023-05-31,2026-07-28
DP316,509220,MUM01,Current,4482766.41,2.03,INR,2024-12-07,2032-07-17
DP317,364818,HYD01,Fixed Deposit,3333438.93,3.97,INR,2024-12-02,2027-04-21
DP318,414083,HYD01,Savings,1316178.67,5.7,INR,2024-02-02,2026-08-12
DP319,556695,MUM01,Current,67355.29,3.17,INR,2024-07-20,2034-01-15
DP320,781310,DEL01,Savings,145134.33,4.5,INR,2024-04-26,2031-04-21
DP321,850918,MUM01,Savings,1834041.26,4.96,INR,2024-02-16,2028-08-19
DP322,826657,DEL01,Savings,4597256.8,6.5,INR,2023-12-12,2027-06-03
DP323,167164,BLR01,Current,-353010.24,6.55,INR,2024-07-02,2027-10-26
DP324,904477,DEL01,Fixed Deposit,3431457.77,4.0,INR,2024-03-15,2033-03-21
DP325,546073,CHN01,Savings,-144575.06,3.44,INR,2024-08-16,2033-12-08
DP326,416491,KOL01,Current,1235252.03,2.99,INR,2024-09-27,2026-02-27
DP327,951469,KOL01,Fixed Deposit,2687756.35,6.72,INR,2024-10-26,2033-05-17
DP328,236439,DEL01,Savings,3298665.39,3.82,INR,2024-01-22,2031-08-28
DP329,228044,MUM01,Current,4023034.96,2.27,INR,2023-07-15,2028-05-19
DP330,438891,CHN02,Savings,3922015.1,5.42,INR,2023-02-25,2030-06-02
DP331,626078,DEL01,Current,4163393.21,6.89,INR,2023-12-20,2030-02-18
DP332,841862,CHN01,Current,1297593.44,2.71,INR,2024-10-27,2033-01-03
DP333,597622,MUM01,Fixed Deposit,-188426.07,6.21,INR,2023-03-15,2027-04-26
DP334,922562,BLR01,Current,2375258.78,5.76,INR,2023-11-18,2025-05-28
DP335,886748,CHN01,Savings,-154127.27,5.92,INR,2024-08-21,2029-01-05
DP336,536932,DEL01,Fixed Deposit,4311082.11,4.85,INR,2023-10-11,2029-12-29
DP337,741876,CHN01,Current,699986.82,2.82,INR,2023-07-15,2028-06-19
DP338,553170,CHN01,Current,4320886.24,3.21,INR,2023-09-21,2031-02-03
DP339,576189,MUM01,Fixed Deposit,-391361.42,4.11,INR,2024-01-08,2029-11-09
DP340,672951,MUM01,Fixed Deposit,4055432.77,3.28,INR,2024-04-23,2029-07-31
DP341,441945,CHN02,Current,4752860.72,3.1,INR,2023-11-27,2031-12-05
DP342,862528,BLR01,Current,897844.26,2.46,INR,2024-01-12,2028-02-16
DP343,113988,HYD01,Fixed Deposit,4500642.44,4.46,INR,2023-11-21,2025-05-17
DP344,521763,BLR01,Fixed Deposit,818499.61,3.69,INR,2023-09-23,2028-01-19
DP345,385519,CHN02,Savings,944257.65,4.84,INR,2023-01-09,2028-08-29
DP346,484054,HYD01,Savings,1177794.64,6.74,INR,2024-09-14,2030-01-30
DP347,372427,KOL01,Savings,2284333.03,2.29,INR,2023-11-16,2031-08-10
DP348,847090,CHN01,Current,577078.51,5.87,INR,2024-09-25,2031-09-20
DP349,939871,MUM01,Fixed Deposit,3372708.32,4.22,INR,2024-05-08,2030-11-10
DP350,817427,MUM01,Current,4592586.7,2.3,INR,2024-01-24,2025-10-14
DP351,895461,CHN01,Savings,18588.79,6.52,INR,2024-02-02,2029-10-02
DP352,979955,KOL01,Current,4293645.13,4.1,INR,2024-11-28,2030-07-23
DP353,567489,DEL01,Fixed Deposit,2061582.0,4.06,INR,2025-01-01,2034-12-02
DP354,739027,HYD01,Current,837153.4,3.12,INR,2023-11-14,2027-09-21
DP355,676002,BLR01,Savings,4041303.4,3.15,INR,2023-02-18,2026-09-25
DP356,966687,CHN01,Current,3700676.46,4.23,INR,2023-04-12,2029-12-23
DP357,491435,HYD01,Current,4935945.11,2.59,INR,2023-08-15,2029-12-02
DP358,794025,BLR01,Fixed Deposit,3198507.04,2.81,INR,2023-12-29,2026-01-01
DP359,110297,MUM01,Fixed Deposit,3556470.11,4.17,INR,2024-11-25,2027-11-02
DP360,473752,HYD01,Savings,2538766.73,5.46,INR,2023-11-22,2025-10-04
DP361,863409,DEL01,Savings,2412972.67,3.05,INR,2024-06-20,2028-03-26
DP362,453417,BLR01,Savings,172775.26,3.58,INR,2024-01-13,2026-06-06
DP363,651130,CHN02,Savings,944656.55,4.23,INR,2023-10-14,2028-03-28
DP364,414352,KOL01,Savings,422944.86,2.24,INR,2024-03-25,2029-03-19
DP365,339240,DEL01,Savings,1366961.9,4.8,INR,2024-05-11,2030-08-13
DP366,203275,DEL01,Current,1216573.71,2.62,INR,2023-01-31,2024-12-29
DP367,231178,CHN01,Fixed Deposit,2562013.05,2.56,INR,2024-01-10,2031-11-27
DP368,967516,BLR01,Current,709832.58,4.81,INR,2023-04-24,2029-06-02
DP369,228333,CHN02,Current,4820890.0,5.29,INR,2024-08-24,2027-05-08
DP370,612357,MUM01,Current,4401161.27,2.65,INR,2024-02-10,2033-05-31
DP371,793300,DEL01,Current,742540.61,6.23,INR,2023-08-17,2026-05-19
DP372,920372,KOL01,Fixed Deposit,1458756.72,2.49,INR,2023-03-30,2028-03-11
DP373,371249,MUM01,Savings,349567.98,5.42,INR,2024-02-20,2033-10-27
DP374,501417,DEL01,Fixed Deposit,1865309.92,3.25,INR,2024-05-27,2029-06-09
DP375,815107,HYD01,Fixed Deposit,3084578.96,5.71,INR,2024-12-18,2027-12-24
DP376,757409,CHN01,Fixed Deposit,3283994.55,4.45,INR,2024-09-04,2027-10-28
DP377,277870,HYD01,Savings,4897713.29,6.41,INR,2024-01-02,2031-10-19
DP378,214042,CHN02,Fixed Deposit,3329139.35,4.19,INR,2023-11-22,2033-02-21
DP379,516762,CHN02,Current,3435034.25,2.82,INR,2023-06-30,2026-11-16
DP380,402725,MUM01,Savings,3548479.75,4.52,INR,2023-03-26,2031-03-02
DP381,797690,CHN02,Savings,4432174.21,6.54,INR,2023-06-06,2025-10-31
DP382,609918,KOL01,Savings,3089624.06,3.91,INR,2024-12-13,2033-06-14
DP383,358421,HYD01,Current,2738836.76,2.6,INR,2024-09-27,2028-06-04
DP384,312611,HYD01,Savings,4897742.8,2.43,INR,2023-03-22,2028-08-13
DP385,697964,HYD01,Current,1467306.83,6.76,INR,2024-04-09,2033-05-14
DP386,587732,CHN01,Current,1241408.19,5.51,INR,2024-03-09,2032-01-02
DP387,747846,BLR01,Current,848615.47,5.43,INR,2023-10-11,2033-06-03
DP388,684141,MUM01,Current,616160.01,5.24,INR,2023-12-28,2029-08-05
DP389,408141,HYD01,Savings,658549.53,2.05,INR,2024-03-03,2029-12-23
DP390,708589,CHN01,Savings,4126247.62,3.74,INR,2024-06-19,2026-03-22
DP391,422042,BLR01,Savings,4315718.86,2.36,INR,2024-10-26,2031-04-10
DP392,716023,KOL01,Fixed Deposit,1442062.91,2.98,INR,2024-10-17,2031-03-22
DP393,585185,BLR01,Current,907129.31,2.57,INR,2024-04-05,2030-02-26
DP394,312209,HYD01,Savings,3486206.12,4.2,INR,2023-02-15,2026-06-13
DP395,652946,BLR01,Fixed Deposit,2449858.9,4.05,INR,2024-09-21,2029-10-12
DP396,306018,BLR01,Current,844689.63,4.85,INR,2023-05-16,2029-12-08
DP397,886756,HYD01,Current,3567854.02,5.88,INR,2023-06-22,2032-02-18
DP398,628166,CHN02,Current,717931.7,4.57,INR,2023-11-25,2025-01-22
DP399,352856,DEL01,Fixed Deposit,2311499.99,2.39,INR,2023-10-26,2033-10-17
DP400,660534,DEL01,Savings,4728653.63,2.0,INR,2024-10-30,2034-08-05
DP401,635264,DEL01,Savings,2787553.47,2.29,INR,2024-02-21,2031-10-25
DP402,306706,HYD01,Fixed Deposit,4196809.42,2.71,INR,2024-07-07,2031-04-30
DP403,439272,KOL01,Current,1288746.78,6.07,INR,2024-03-18,2032-02-29
DP404,730338,CHN01,Savings,518665.89,4.53,INR,2024-02-15,2025-03-20
DP405,682502,BLR01,Current,519092.87,5.97,INR,2023-11-27,2025-09-03
DP406,155852,DEL01,Current,2420798.88,4.53,INR,2023-05-27,2025-12-14
DP407,554745,CHN01,Fixed Deposit,4715414.26,4.92,INR,2023-07-07,2028-08-31
DP408,630773,HYD01,Current,2940888.15,2.26,INR,2024-05-07,2031-11-05
DP409,267789,DEL01,Savings,206080.95,5.02,INR,2023-06-15,2026-11-08
DP410,613887,BLR01,Savings,2025428.3,5.48,INR,2024-08-27,2029-06-13
DP411,907248,KOL01,Current,2789739.49,2.74,INR,2024-11-04,2030-11-30
DP412,567608,KOL01,Fixed Deposit,606611.85,4.79,INR,2023-02-02,2026-09-28
DP413,185126,CHN02,Fixed Deposit,3537131.11,2.69,INR,2024-12-13,2028-06-23
DP414,700764,CHN01,Fixed Deposit,2105747.54,6.3,INR,2024-05-20,2030-11-08
DP415,920895,BLR01,Fixed Deposit,2931844.35,6.48,INR,2024-07-21,2028-04-01
DP416,928224,CHN01,Fixed Deposit,38172.27,2.67,INR,2023-07-31,2027-09-17
DP417,125652,DEL01,Savings,2520422.23,2.83,INR,2023-08-25,2028-01-27
DP418,194730,CHN01,Fixed Deposit,4249411.9,2.95,INR,2024-03-29,2025-08-29
DP419,891607,MUM01,Current,2277215.13,5.29,INR,2023-12-27,2027-10-04
DP420,636564,CHN02,Current,785159.81,3.95,INR,2024-10-30,2030-08-04
DP421,625781,HYD01,Fixed Deposit,1478262.14,5.3,INR,2024-12-22,2026-02-02
DP422,486111,BLR01,Current,3409285.76,3.7,INR,2023-11-08,2027-04-25
DP423,944119,KOL01,Current,2695966.09,2.41,INR,2024-05-18,2027-12-28
DP424,129821,HYD01,Fixed Deposit,817890.87,4.12,INR,2023-09-12,2029-03-17
DP425,555925,CHN01,Fixed Deposit,148891.68,2.38,INR,2024-02-19,2025-10-25
DP426,657237,BLR01,Savings,3451163.68,2.47,INR,2024-08-27,2026-02-04
DP427,896636,HYD01,Savings,641637.85,5.16,INR,2024-02-25,2030-10-16
DP428,979405,BLR01,Savings,184405.36,2.01,INR,2023-04-25,2025-09-14
DP429,407182,KOL01,Savings,25232.97,3.95,INR,2023-01-18,2030-12-26
DP430,261115,DEL01,Current,925187.46,4.82,INR,2023-06-27,2029-11-20
DP431,251044,KOL01,Savings,4683969.43,3.94,INR,2023-07-02,2028-01-11
DP432,933001,HYD01,Fixed Deposit,1606199.33,4.19,INR,2023-12-19,2031-01-21
DP433,765872,CHN02,Current,3683302.25,3.3,INR,2023-04-05,2025-08-12
DP434,459409,CHN02,Current,606449.66,6.86,INR,2023-12-11,2028-02-02
DP435,176878,HYD01,Savings,-355417.2,3.52,INR,2024-01-17,2030-09-12
DP436,533275,CHN01,Savings,2234621.47,4.8,INR,2024-02-10,2031-04-10
DP437,976622,BLR01,Savings,3440722.38,4.88,INR,2024-02-27,2032-04-30
DP438,963710,HYD01,Fixed Deposit,3263759.42,2.27,INR,2023-04-19,2032-10-20
DP439,473684,BLR01,Savings,659990.83,2.41,INR,2023-02-26,2030-06-02
DP440,282567,BLR01,Current,4107415.43,4.47,INR,2023-06-19,2030-01-07
DP441,591465,MUM01,Current,3337033.07,5.27,INR,2023-04-28,2028-05-20
DP442,941855,CHN01,Fixed Deposit,580049.2,5.99,INR,2024-01-09,2028-05-15
DP443,643163,CHN01,Current,873552.87,5.41,INR,2023-02-11,2024-11-24
DP444,319262,KOL01,Current,2713366.04,4.55,INR,2024-02-10,2033-07-24
DP445,901298,KOL01,Fixed Deposit,2132657.43,6.68,INR,2023-03-04,2033-02-14
DP446,372180,HYD01,Fixed Deposit,3592406.32,4.78,INR,2023-02-08,2028-07-30
DP447,114868,CHN02,Fixed Deposit,4914017.97,4.87,INR,2024-12-14,2029-03-27
DP448,151910,HYD01,Savings,4931165.46,2.53,INR,2023-10-01,2028-11-28
DP449,123402,KOL01,Current,2249610.42,4.71,INR,2024-07-01,2029-11-30
DP450,451823,CHN01,Savings,3336191.59,3.27,INR,2024-02-08,2025-11-07
DP451,854923,CHN02,Fixed Deposit,2113484.87,4.73,INR,2023-06-22,2031-04-30
DP452,613514,CHN02,Savings,1004769.77,4.32,INR,2023-05-24,2026-05-25
DP453,783706,CHN01,Current,2150135.72,5.85,INR,2024-01-09,2033-07-28
DP454,560578,MUM01,Savings,1403121.52,6.35,INR,2023-11-24,2025-02-09
DP455,902306,KOL01,Current,776512.47,2.86,INR,2023-05-10,2026-06-11
DP456,633690,CHN02,Fixed Deposit,1203396.38,3.3,INR,2023-07-23,2025-01-22
DP457,449295,BLR01,Savings,4251499.2,5.29,INR,2024-10-08,2028-10-26
DP458,575085,HYD01,Fixed Deposit,456625.53,6.9,INR,2024-04-25,2029-09-22
DP459,246491,MUM01,Savings,4650517.81,5.77,INR,2023-12-27,2028-03-23
DP460,651056,CHN02,Fixed Deposit,1157384.06,4.23,INR,2023-07-14,2033-02-21
DP461,980858,BLR01,Fixed Deposit,2253050.95,2.37,INR,2023-02-13,2032-03-27
DP462,963955,DEL01,Current,995881.71,6.09,INR,2024-04-22,2030-09-29
DP463,130879,CHN02,Fixed Deposit,2034110.85,4.3,INR,2023-01-27,2026-01-03
DP464,752353,CHN01,Savings,3093228.78,3.49,INR,2024-12-14,2027-12-03
DP465,249198,CHN01,Savings,123209.51,5.69,INR,2024-01-24,2031-04-22
DP466,542642,DEL01,Savings,1152796.03,2.42,INR,2024-01-08,2033-07-19
DP467,350634,CHN01,Fixed Deposit,414860.88,4.32,INR,2024-02-24,2033-06-17
DP468,772587,BLR01,Fixed Deposit,3234369.13,2.67,INR,2023-02-12,2032-12-19
DP469,747372,BLR01,Fixed Deposit,1842751.17,5.65,INR,2024-10-10,2027-09-08
DP470,621077,KOL01,Current,2846805.19,3.27,INR,2023-12-03,2029-01-10
DP471,265525,BLR01,Fixed Deposit,806104.13,4.9,INR,2023-11-21,2032-02-15
DP472,686106,MUM01,Fixed Deposit,1353181.64,5.12,INR,2023-10-03,2029-03-04
DP473,912073,KOL01,Savings,3713211.86,4.51,INR,2023-04-11,2026-12-17
DP474,172251,DEL01,Fixed Deposit,4823011.48,4.18,INR,2024-12-17,2031-06-10
DP475,903289,HYD01,Savings,2150074.95,5.35,INR,2023-02-14,2031-11-25
DP476,967068,KOL01,Savings,205481.03,6.31,INR,2023-06-10,2032-01-07
DP477,881797,CHN01,Fixed Deposit,-242367.84,2.85,INR,2023-01-10,2025-10-09
DP478,236420,DEL01,Fixed Deposit,440170.75,2.53,INR,2023-11-15,2030-11-20
DP479,616559,DEL01,Savings,2467167.5,2.42,INR,2024-11-28,2026-08-30
DP480,331646,CHN02,Current,2152592.66,2.08,INR,2024-08-24,2029-07-16
DP481,304054,KOL01,Savings,3445662.65,3.69,INR,2024-06-30,2030-12-21
DP482,973018,KOL01,Fixed Deposit,4176578.28,6.95,INR,2023-05-12,2031-05-16
DP483,475011,HYD01,Fixed Deposit,4834066.61,5.3,INR,2023-12-29,2029-08-01
DP484,407344,CHN01,Current,4388913.95,2.0,INR,2023-11-18,2031-08-16
DP485,530287,CHN02,Savings,4791.38,4.82,INR,2023-12-10,2031-03-13
DP486,959856,DEL01,Fixed Deposit,4077942.44,4.62,INR,2024-08-11,2032-04-14
DP487,154324,KOL01,Fixed Deposit,689025.16,4.13,INR,2023-02-04,2027-03-13
DP488,337147,CHN02,Current,669716.78,2.53,INR,2024-06-20,2027-12-26
DP489,944430,KOL01,Fixed Deposit,2402814.98,2.3,INR,2024-02-06,2028-03-30
DP490,529786,DEL01,Current,3921173.6,5.52,INR,2024-12-20,2028-08-07
DP491,801501,CHN01,Current,1745450.01,2.78,INR,2023-07-01,2031-07-06
DP492,545491,KOL01,Savings,2308298.11,5.06,INR,2023-07-14,2033-02-15
DP493,277830,DEL01,Savings,1254432.81,4.67,INR,2023-10-10,2031-12-12
DP494,720491,KOL01,Fixed Deposit,-18939.64,6.66,INR,2023-01-29,2031-08-12
DP495,585446,MUM01,Fixed Deposit,4703667.29,5.0,INR,2024-12-29,2026-06-28
DP496,208030,DEL01,Savings,1049937.09,5.24,INR,2024-12-20,2031-04-19
DP497,545518,BLR01,Fixed Deposit,-261055.59,4.3,INR,2023-06-08,2025-01-14
DP498,432205,BLR01,Fixed Deposit,-344339.24,2.9,INR,2024-03-24,2027-09-09
DP499,482525,KOL01,Current,-332197.84,3.24,INR,2023-03-11,2027-11-16
DP500,362643,CHN02,Savings,1020238.95,6.82,INR,2025-01-01,2027-03-14
DP501,753431,MUM01,Savings,1828196.51,6.52,INR,2024-05-13,2025-05-22
DP502,855847,BLR01,Current,2152727.93,2.25,INR,2023-04-10,2029-10-08
DP503,146405,MUM01,Savings,2156041.65,4.99,INR,2024-01-21,2026-09-24
DP504,562750,DEL01,Fixed Deposit,1015825.29,4.4,INR,2024-09-03,2032-01-05
DP505,845697,DEL01,Fixed Deposit,3311223.97,2.24,INR,2024-12-18,2032-04-01
DP506,162897,BLR01,Fixed Deposit,626415.06,6.88,INR,2024-07-12,2034-01-28
DP507,956029,HYD01,Fixed Deposit,4576017.22,5.76,INR,2023-01-18,2030-09-13
DP508,379735,HYD01,Fixed Deposit,4684925.55,2.61,INR,2024-12-09,2030-03-22
DP509,430824,MUM01,Current,99179.2,3.73,INR,2024-07-03,2032-11-29
DP510,844114,CHN01,Current,3429859.11,4.81,INR,2023-04-08,2030-10-24
DP511,352290,DEL01,Fixed Deposit,1511986.34,6.73,INR,2024-01-28,2025-09-13
DP512,790901,CHN02,Current,3357071.06,5.28,INR,2023-11-22,2030-05-23
DP513,129101,DEL01,Fixed Deposit,2183793.15,6.44,INR,2023-04-06,2030-10-10
DP514,486120,KOL01,Current,242599.1,6.33,INR,2023-01-07,2029-01-31
DP515,139520,MUM01,Current,1772207.66,3.01,INR,2024-09-03,2027-07-13
DP516,690293,BLR01,Current,1421102.48,6.41,INR,2024-05-30,2030-06-19
DP517,426209,KOL01,Savings,1941736.33,5.33,INR,2023-03-05,2024-08-11
DP518,985678,KOL01,Fixed Deposit,3277808.29,4.67,INR,2024-08-01,2029-11-09
DP519,379102,DEL01,Fixed Deposit,757248.72,5.91,INR,2024-09-22,2030-06-19
DP520,868511,DEL01,Fixed Deposit,2308540.14,4.29,INR,2024-11-17,2028-06-17
DP521,997096,DEL01,Current,3152200.62,2.01,INR,2023-07-24,2025-04-04
DP522,362546,MUM01,Savings,-407865.58,3.07,INR,2024-07-05,2027-11-23
DP523,955245,HYD01,Fixed Deposit,2062018.37,4.72,INR,2023-10-04,2029-07-14
DP524,348759,CHN01,Current,1929656.63,6.74,INR,2024-11-30,2031-01-30
DP525,829154,BLR01,Savings,447847.02,2.29,INR,2024-02-17,2026-08-22
DP526,594583,DEL01,Savings,872133.15,5.18,INR,2023-05-18,2033-02-22
DP527,786826,MUM01,Fixed Deposit,335377.94,3.19,INR,2023-09-07,2027-05-27
DP528,299580,HYD01,Fixed Deposit,3910408.63,5.14,INR,2023-04-13,2029-01-28
DP529,938356,HYD01,Savings,4828943.78,5.22,INR,2023-02-14,2025-08-22
DP530,734848,HYD01,Fixed Deposit,2261357.39,6.76,INR,2024-04-10,2029-09-22
DP531,191581,CHN02,Fixed Deposit,1956183.49,5.52,INR,2023-12-11,2029-07-13
DP532,790582,DEL01,Fixed Deposit,1100642.55,5.77,INR,2023-06-01,2032-09-30
DP533,918336,CHN02,Fixed Deposit,2496808.07,2.61,INR,2024-03-12,2030-02-24
DP534,254656,CHN02,Savings,4899762.85,5.47,INR,2023-04-10,2032-10-12
DP535,803938,KOL01,Fixed Deposit,4651233.72,2.47,INR,2024-03-25,2030-12-14
DP536,313514,BLR01,Fixed Deposit,1322307.18,3.12,INR,2024-08-08,2031-10-29
DP537,981755,CHN01,Fixed Deposit,4974592.38,4.68,INR,2024-04-14,2031-07-10
DP538,645268,CHN01,Current,3374403.23,2.91,INR,2024-02-26,2032-11-02
DP539,404252,KOL01,Fixed Deposit,-88159.21,5.64,INR,2024-05-08,2032-10-21
DP540,967377,CHN01,Savings,4148251.47,5.79,INR,2023-03-09,2025-12-30
DP541,267711,HYD01,Savings,2399900.72,5.45,INR,2023-03-12,2031-11-14
DP542,802294,HYD01,Current,1685093.87,2.09,INR,2023-08-30,2028-10-17
DP543,134628,HYD01,Current,3075318.87,2.37,INR,2024-02-26,2029-03-20
DP544,492074,CHN01,Fixed Deposit,1287799.32,2.4,INR,2024-04-18,2028-10-26
DP545,226931,CHN02,Fixed Deposit,250188.8,2.33,INR,2024-08-09,2033-10-10
DP546,474589,KOL01,Current,2199382.99,6.0,INR,2024-10-07,2033-11-29
DP547,294992,DEL01,Savings,4853426.28,6.0,INR,2023-06-14,2033-02-06
DP548,449088,MUM01,Savings,4752593.81,4.9,INR,2023-10-01,2025-01-07
DP549,378097,CHN02,Fixed Deposit,612798.81,2.5,INR,2024-09-28,2028-07-29
DP550,618763,KOL01,Fixed Deposit,3517389.64,5.92,INR,2024-09-03,2026-11-21
DP551,165835,CHN02,Fixed Deposit,917519.37,2.04,INR,2023-10-05,2029-10-07
DP552,359778,CHN02,Fixed Deposit,3709739.01,5.62,INR,2024-10-19,2032-02-10
DP553,509141,DEL01,Current,595509.59,2.01,INR,2023-02-01,2028-01-14
DP554,806501,BLR01,Current,4815081.33,6.0,INR,2023-06-05,2026-02-14
DP555,408561,MUM01,Fixed Deposit,1089728.06,2.2,INR,2024-02-17,2029-08-12
DP556,658953,HYD01,Savings,4992062.6,3.65,INR,2023-12-25,2029-02-07
DP557,137768,DEL01,Fixed Deposit,3756624.01,3.25,INR,2023-03-01,2028-06-14
DP558,148609,KOL01,Savings,4871336.74,6.05,INR,2023-01-20,2031-04-13
DP559,988109,HYD01,Savings,4113420.67,3.85,INR,2024-07-19,2030-02-09
DP560,451920,CHN02,Current,3390015.74,2.62,INR,2024-05-27,2031-07-15
DP561,118758,DEL01,Current,2160265.8,2.74,INR,2024-01-22,2026-05-01
DP562,585857,CHN02,Fixed Deposit,-1153.23,3.39,INR,2024-06-18,2028-01-12
DP563,767284,HYD01,Current,2628721.11,5.7,INR,2023-07-23,2032-02-08
DP564,879319,KOL01,Fixed Deposit,2745325.05,6.01,INR,2024-07-19,2034-02-21
DP565,478019,MUM01,Current,3128160.05,6.28,INR,2023-12-08,2025-03-23
DP566,257822,KOL01,Savings,11964.07,6.35,INR,2024-01-02,2026-02-24
DP567,500574,CHN02,Current,2285647.18,6.25,INR,2023-10-13,2027-04-22
DP568,910078,BLR01,Savings,588079.54,3.9,INR,2024-08-27,2027-02-07
DP569,821432,HYD01,Savings,2655614.33,5.78,INR,2023-11-20,2030-04-03
DP570,231293,BLR01,Savings,2926269.53,4.26,INR,2023-07-14,2027-09-22
DP571,915539,BLR01,Fixed Deposit,2918669.37,2.13,INR,2024-12-11,2034-11-23
DP572,944237,KOL01,Fixed Deposit,2875749.69,6.35,INR,2023-12-09,2030-02-19
DP573,161854,BLR01,Savings,-351196.18,3.46,INR,2024-03-30,2026-04-09
DP574,346228,CHN01,Current,4505555.48,5.88,INR,2023-06-27,2028-10-04
DP575,707938,HYD01,Savings,-97061.96,6.71,INR,2024-03-26,2031-05-30
DP576,271068,BLR01,Current,4798859.93,4.59,INR,2024-06-26,2031-08-18
DP577,432065,DEL01,Fixed Deposit,378524.05,2.31,INR,2023-06-13,2032-03-28
DP578,144134,HYD01,Fixed Deposit,4099782.74,2.32,INR,2023-05-25,2033-05-15
DP579,370014,DEL01,Current,1508275.46,2.05,INR,2023-02-04,2028-11-14
DP580,417231,CHN01,Savings,4816902.59,5.03,INR,2024-05-20,2026-08-29
DP581,352149,CHN01,Savings,2102191.56,2.05,INR,2023-11-09,2032-05-13
DP582,574820,BLR01,Current,867063.08,6.09,INR,2024-09-23,2026-10-16
DP583,517747,MUM01,Fixed Deposit,2755873.76,2.69,INR,2024-11-24,2031-11-22
DP584,734951,CHN01,Current,4611691.0,3.96,INR,2023-06-01,2029-11-17
DP585,911376,MUM01,Current,4460952.92,3.23,INR,2023-02-13,2030-08-15
DP586,160292,CHN02,Fixed Deposit,4964547.11,2.31,INR,2024-05-13,2028-04-16
DP587,415897,MUM01,Current,4988261.38,6.71,INR,2023-10-28,2032-07-05
DP588,762419,DEL01,Fixed Deposit,2237962.91,5.56,INR,2024-11-09,2032-01-05
DP589,856515,BLR01,Current,748245.67,6.02,INR,2024-07-06,2028-04-28
DP590,842815,KOL01,Fixed Deposit,2260449.29,5.13,INR,2024-04-21,2031-07-04
DP591,797777,CHN02,Savings,2388150.85,3.43,INR,2023-10-16,2033-06-29
DP592,633095,KOL01,Savings,4957040.24,5.5,INR,2024-05-22,2029-09-29
DP593,515671,BLR01,Savings,22800.33,2.53,INR,2024-04-04,2031-05-26
DP594,849377,KOL01,Fixed Deposit,4527721.08,4.9,INR,2023-03-21,2026-05-10
DP595,152581,KOL01,Current,4154548.59,2.67,INR,2023-03-29,2030-06-10
DP596,395725,DEL01,Current,4212428.49,5.85,INR,2024-10-31,2027-03-28
DP597,614532,KOL01,Fixed Deposit,4088962.74,5.23,INR,2024-05-03,2031-02-07
DP598,148649,KOL01,Current,1491767.69,2.91,INR,2024-05-01,2030-10-14
DP599,757834,DEL01,Current,294519.03,6.38,INR,2023-09-16,2031-10-23
DP600,861614,HYD01,Savings,4441361.65,5.63,INR,2024-02-12,2028-05-19
DP601,124420,CHN01,Fixed Deposit,-487777.21,5.84,INR,2023-08-30,2029-02-23
DP602,122890,CHN02,Savings,554405.02,2.55,INR,2023-05-03,2028-04-14
DP603,767760,CHN02,Savings,4142357.7,5.05,INR,2023-09-05,2030-11-21
DP604,795292,BLR01,Current,729955.69,3.53,INR,2024-04-27,2027-01-18
DP605,454747,DEL01,Current,588837.69,2.28,INR,2023-11-13,2029-01-20
DP606,738880,BLR01,Fixed Deposit,2778253.24,2.23,INR,2024-01-26,2032-03-03
DP607,124612,BLR01,Savings,2955397.11,4.75,INR,2024-07-11,2027-10-11
DP608,387263,DEL01,Savings,4579878.42,3.81,INR,2023-03-23,2024-05-09
DP609,826924,MUM01,Fixed Deposit,245333.66,2.74,INR,2023-01-15,2025-08-24
DP610,146936,HYD01,Savings,988464.18,5.99,INR,2023-08-23,2027-10-25
DP611,411349,DEL01,Current,274306.85,4.23,INR,2024-07-07,2030-09-21
DP612,586001,MUM01,Current,644795.54,5.62,INR,2023-10-30,2030-02-28
DP613,540402,CHN02,Current,272746.43,2.38,INR,2023-09-20,2027-01-09
DP614,152361,DEL01,Current,1053423.58,2.88,INR,2024-09-22,2028-12-22
DP615,232708,CHN01,Current,1172470.47,6.24,INR,2023-06-25,2030-04-25
DP616,467536,BLR01,Current,1803538.35,5.52,INR,2023-12-15,2030-08-04
DP617,230827,CHN01,Fixed Deposit,102152.14,5.0,INR,2023-12-14,2028-07-24
DP618,522753,HYD01,Current,3871641.49,4.64,INR,2023-05-16,2030-04-17
DP619,451974,BLR01,Fixed Deposit,1197604.04,3.86,INR,2023-10-02,2028-06-01
DP620,182935,DEL01,Savings,656026.22,2.86,INR,2024-12-04,2026-01-20
DP621,648902,DEL01,Savings,330092.28,5.85,INR,2023-10-11,2026-05-25
DP622,453699,MUM01,Fixed Deposit,2761170.99,6.74,INR,2024-09-29,2027-01-16
DP623,756544,DEL01,Savings,89875.88,6.49,INR,2024-06-07,2033-03-31
DP624,786904,DEL01,Fixed Deposit,1120781.27,3.07,INR,2024-05-19,2027-04-18
DP625,555540,DEL01,Current,1013391.7,3.61,INR,2023-11-14,2026-10-10
DP626,536411,CHN01,Current,4320903.41,5.02,INR,2024-09-16,2029-01-05
DP627,489043,BLR01,Fixed Deposit,2069286.32,3.97,INR,2024-10-06,2032-07-20
DP628,727287,MUM01,Current,4151944.81,6.04,INR,2023-01-07,2029-09-19
DP629,420189,MUM01,Fixed Deposit,2742986.45,4.54,INR,2023-01-20,2032-12-28
DP630,312531,DEL01,Fixed Deposit,3458209.41,5.34,INR,2024-02-26,2030-04-16
DP631,303300,HYD01,Savings,1251586.43,2.91,INR,2023-02-07,2026-07-20
DP632,237093,HYD01,Current,1246824.38,4.36,INR,2023-07-05,2026-08-31
DP633,833541,HYD01,Fixed Deposit,2485960.21,4.37,INR,2024-01-19,2032-03-09
DP634,100319,CHN01,Current,4213182.33,5.15,INR,2024-03-06,2029-12-08
DP635,866144,CHN02,Current,3413889.51,4.46,INR,2024-07-11,2026-03-22
DP636,659130,CHN01,Savings,2193291.26,2.35,INR,2024-02-10,2030-05-18
DP637,115127,HYD01,Fixed Deposit,4447153.27,5.12,INR,2023-05-18,2033-01-14
DP638,302918,CHN02,Current,1108364.95,3.0,INR,2024-03-24,2025-03-28
DP639,417370,KOL01,Fixed Deposit,215611.96,6.37,INR,2023-11-07,2032-03-06
DP640,380754,MUM01,Fixed Deposit,1503780.6,3.46,INR,2024-03-29,2027-09-04
DP641,123826,KOL01,Current,1574633.97,2.19,INR,2024-08-31,2028-04-25
DP642,841394,BLR01,Fixed Deposit,4423515.28,3.27,INR,2023-11-13,2025-09-26
DP643,960471,MUM01,Savings,2755852.25,5.42,INR,2023-12-08,2026-12-16
DP644,842501,HYD01,Savings,4691642.98,4.32,INR,2024-04-13,2031-09-02
DP645,790727,KOL01,Current,497296.0,4.78,INR,2023-05-18,2028-10-14
DP646,234027,KOL01,Current,94552.62,3.1,INR,2024-02-12,2028-05-24
DP647,756679,DEL01,Fixed Deposit,4316351.46,2.53,INR,2023-10-16,2030-03-19
DP648,922607,DEL01,Fixed Deposit,2409940.43,5.73,INR,2024-12-25,2027-02-13
DP649,549023,DEL01,Savings,2466774.29,6.66,INR,2024-03-19,2030-11-05
DP650,428464,CHN02,Fixed Deposit,3594988.14,2.78,INR,2024-01-07,2033-03-05
DP651,923085,DEL01,Fixed Deposit,1851403.95,5.44,INR,2024-06-28,2025-11-03
DP652,354382,CHN01,Fixed Deposit,859222.36,2.23,INR,2023-10-28,2032-07-31
DP653,907506,CHN02,Current,4338468.53,4.05,INR,2023-03-23,2025-04-18
DP654,761863,BLR01,Fixed Deposit,3762784.73,2.71,INR,2023-09-03,2027-03-26
DP655,555529,CHN01,Current,2040783.04,6.35,INR,2024-01-22,2031-07-28
DP656,935354,BLR01,Current,1238870.87,6.0,INR,2024-07-14,2034-04-29
DP657,690662,CHN01,Fixed Deposit,4891640.28,4.76,INR,2023-09-16,2025-04-13
DP658,923940,CHN02,Current,2907657.97,5.12,INR,2024-12-13,2030-09-03
DP659,453725,CHN02,Current,4409554.18,5.93,INR,2023-07-03,2028-12-09
DP660,619472,MUM01,Fixed Deposit,225073.63,5.74,INR,2024-06-30,2028-05-14
DP661,532186,MUM01,Fixed Deposit,3645942.41,3.76,INR,2023-09-25,2031-04-12
DP662,300018,KOL01,Savings,4155076.88,3.85,INR,2023-02-06,2029-06-23
DP663,401146,KOL01,Fixed Deposit,1755689.46,3.32,INR,2024-02-13,2030-08-11
DP664,625693,CHN01,Fixed Deposit,1327904.13,4.13,INR,2024-06-22,2031-10-20
DP665,872000,KOL01,Current,1029518.19,4.27,INR,2024-11-29,2027-05-08
DP666,450245,BLR01,Fixed Deposit,313739.93,5.5,INR,2023-10-27,2026-04-07
DP667,772729,DEL01,Current,222652.06,4.48,INR,2024-12-30,2034-11-12
DP668,121816,BLR01,Fixed Deposit,3437354.14,2.33,INR,2024-10-15,2034-07-24
DP669,606462,HYD01,Current,2366117.09,2.82,INR,2023-09-15,2028-04-18
DP670,297786,BLR01,Fixed Deposit,4444266.92,5.66,INR,2023-12-20,2026-04-27
DP671,663843,MUM01,Savings,3601606.71,6.91,INR,2024-03-16,2028-03-02
DP672,829946,CHN01,Savings,4321367.5,3.82,INR,2024-01-19,2027-01-03
DP673,382407,KOL01,Fixed Deposit,3652000.34,6.84,INR,2023-09-14,2032-05-06
DP674,593961,MUM01,Current,716183.54,5.78,INR,2023-04-27,2029-01-07
DP675,255517,HYD01,Fixed Deposit,8158.08,6.78,INR,2024-03-19,2030-02-24
DP676,680803,KOL01,Current,4586234.45,3.09,INR,2023-03-02,2032-12-30
DP677,573236,HYD01,Savings,1964455.17,4.9,INR,2023-07-29,2030-06-15
DP678,167741,HYD01,Fixed Deposit,1996595.7,2.18,INR,2024-11-17,2028-08-21
DP679,815272,HYD01,Savings,1135162.07,2.8,INR,2023-03-03,2027-11-29
DP680,911811,MUM01,Fixed Deposit,1723448.2,4.5,INR,2024-05-30,2034-04-01
DP681,902840,KOL01,Savings,4122446.27,5.25,INR,2024-08-21,2028-05-21
DP682,255785,CHN02,Current,3221065.3,6.49,INR,2024-03-29,2033-05-08
DP683,393680,DEL01,Current,2000307.81,6.0,INR,2023-07-17,2025-12-03
DP684,292642,HYD01,Current,193329.86,2.92,INR,2023-04-05,2024-04-18
DP685,204422,MUM01,Current,2104680.33,4.49,INR,2023-09-15,2026-01-08
DP686,966588,DEL01,Savings,673126.96,3.73,INR,2023-03-18,2032-04-20
DP687,546981,BLR01,Fixed Deposit,592377.21,3.32,INR,2023-07-19,2026-08-13
DP688,422011,CHN02,Fixed Deposit,-39046.21,6.8,INR,2024-01-21,2028-04-15
DP689,661906,HYD01,Fixed Deposit,3021082.04,3.61,INR,2024-09-06,2030-08-11
DP690,276694,CHN01,Current,4325572.19,4.96,INR,2023-03-24,2028-01-21
DP691,288337,CHN02,Fixed Deposit,1076965.27,4.2,INR,2024-01-13,2026-07-22
DP692,215006,BLR01,Fixed Deposit,3151139.68,4.41,INR,2023-04-12,2026-07-20
DP693,485096,DEL01,Fixed Deposit,3257087.47,3.79,INR,2023-12-26,2032-09-30
DP694,615480,MUM01,Fixed Deposit,3248119.8,4.96,INR,2024-05-28,2028-05-21
DP695,424121,DEL01,Current,3507913.24,4.14,INR,2024-02-23,2029-08-26
DP696,495625,HYD01,Current,-399253.12,2.14,INR,2024-06-03,2033-11-16
DP697,638686,BLR01,Savings,793195.84,6.68,INR,2023-07-29,2033-04-28
DP698,740021,CHN02,Savings,3148685.63,2.19,INR,2024-04-23,2033-11-22
DP699,510721,DEL01,Fixed Deposit,3515900.28,5.29,INR,2023-06-25,2029-09-20
DP700,784355,MUM01,Fixed Deposit,4345463.74,4.93,INR,2024-07-20,2030-04-01
DP701,580537,BLR01,Savings,3046222.52,7.0,INR,2023-12-31,2028-08-05
DP702,410253,CHN02,Current,-146479.03,2.65,INR,2023-08-09,2030-02-14
DP703,448371,BLR01,Fixed Deposit,2661970.1,4.71,INR,2024-03-19,2029-07-18
DP704,443317,DEL01,Savings,3729780.38,2.73,INR,2024-01-30,2033-02-20
DP705,365776,BLR01,Fixed Deposit,3743630.73,3.75,INR,2024-04-27,2027-06-11
DP706,263943,BLR01,Savings,547147.85,2.27,INR,2023-05-17,2027-11-12
DP707,498251,MUM01,Current,-205146.83,4.44,INR,2024-05-11,2030-02-03
DP708,258447,CHN02,Current,3887383.63,3.36,INR,2024-09-17,2033-06-30
DP709,310294,CHN02,Current,4614655.96,2.56,INR,2024-08-27,2029-02-04
DP710,696942,HYD01,Current,4266736.49,6.42,INR,2023-12-06,2026-08-11
DP711,435897,BLR01,Fixed Deposit,1281373.03,4.22,INR,2024-03-14,2033-10-31
DP712,956672,KOL01,Savings,-260053.84,3.93,INR,2023-04-03,2031-07-15
DP713,326932,CHN02,Fixed Deposit,1543518.66,2.65,INR,2024-05-02,2030-02-27
DP714,386397,CHN01,Current,170485.47,2.07,INR,2024-08-15,2031-11-15
DP715,199064,CHN01,Savings,-435207.49,6.06,INR,2023-10-27,2030-08-24
DP716,638308,MUM01,Fixed Deposit,2049951.31,4.17,INR,2023-04-09,2026-07-15
DP717,346220,KOL01,Fixed Deposit,4823278.4,6.81,INR,2024-09-18,2028-09-28
DP718,665899,CHN01,Current,287490.61,5.06,INR,2024-09-13,2029-06-15
DP719,654593,KOL01,Fixed Deposit,4278215.8,4.56,INR,2024-07-05,2032-02-11
DP720,179654,DEL01,Current,18338.08,4.69,INR,2023-03-25,2026-10-15
DP721,724038,CHN02,Fixed Deposit,1503894.23,2.79,INR,2024-03-23,2030-07-24
DP722,891761,HYD01,Current,3850005.77,5.79,INR,2024-11-23,2029-06-15
DP723,859856,MUM01,Savings,464128.24,6.17,INR,2023-03-22,2031-01-22
DP724,789191,HYD01,Current,236962.76,2.43,INR,2023-01-02,2024-10-29
DP725,851405,DEL01,Current,2543603.69,6.02,INR,2024-05-10,2028-08-10
DP726,817327,BLR01,Savings,4605156.08,5.1,INR,2023-02-09,2030-12-18
DP727,559591,DEL01,Savings,2666303.48,3.36,INR,2024-02-04,2028-08-09
DP728,908340,HYD01,Current,2964676.74,5.47,INR,2024-10-31,2032-10-19
DP729,206589,DEL01,Fixed Deposit,3388293.51,3.86,INR,2024-11-17,2027-07-22
DP730,290127,HYD01,Current,3746949.05,2.47,INR,2023-01-23,2024-06-26
DP731,715952,CHN02,Savings,1351730.36,5.06,INR,2023-02-15,2028-03-25
DP732,662308,MUM01,Savings,98829.58,3.2,INR,2023-01-09,2027-01-28
DP733,499595,HYD01,Current,1289470.27,4.84,INR,2024-12-02,2029-04-26
DP734,783565,BLR01,Fixed Deposit,4343326.55,5.56,INR,2024-02-02,2031-04-16
DP735,726835,MUM01,Fixed Deposit,2593281.23,6.46,INR,2024-12-17,2032-02-22
DP736,601048,KOL01,Current,4752399.97,4.77,INR,2023-02-23,2030-12-10
DP737,581980,MUM01,Fixed Deposit,904558.04,4.78,INR,2024-06-05,2029-07-03
DP738,887762,HYD01,Savings,686899.21,2.14,INR,2023-08-06,2032-09-25
DP739,795147,KOL01,Fixed Deposit,4509703.08,5.11,INR,2023-04-06,2025-10-10
DP740,542612,CHN01,Fixed Deposit,-380910.85,2.57,INR,2024-02-22,2031-07-20
DP741,833759,CHN01,Current,3678914.93,3.21,INR,2024-03-04,2026-06-21
DP742,622409,DEL01,Savings,2705835.63,4.0,INR,2024-01-05,2025-12-27
DP743,266067,DEL01,Current,1406572.92,4.73,INR,2023-07-04,2026-04-12
DP744,332755,HYD01,Fixed Deposit,372239.65,5.85,INR,2023-05-29,2031-09-10
DP745,603957,KOL01,Current,4053212.9,5.84,INR,2023-07-07,2028-09-24
DP746,338160,DEL01,Savings,1360216.13,6.84,INR,2023-01-05,2027-07-19
DP747,647805,KOL01,Savings,3635841.26,3.36,INR,2024-03-31,2028-04-13
DP748,340439,DEL01,Current,1007286.25,2.03,INR,2023-07-23,2031-03-25
DP749,626060,BLR01,Fixed Deposit,299453.93,5.88,INR,2024-10-04,2029-02-10
DP750,908449,CHN02,Savings,935861.86,6.52,INR,2024-09-29,2028-07-18
DP751,344378,CHN01,Fixed Deposit,-461850.39,3.83,INR,2023-05-07,2029-01-18
DP752,237753,KOL01,Current,3874409.37,5.83,INR,2024-12-22,2027-05-27
DP753,268969,HYD01,Current,2708.41,3.64,INR,2023-11-13,2027-04-20
DP754,366080,HYD01,Savings,3686509.53,4.2,INR,2023-10-31,2025-07-16
DP755,288331,CHN01,Current,4242572.15,4.22,INR,2023-08-05,2027-07-25
DP756,834286,HYD01,Savings,-373464.75,5.95,INR,2023-07-13,2025-12-06
DP757,553684,KOL01,Savings,2795633.72,3.06,INR,2024-07-22,2030-12-02
DP758,906556,KOL01,Fixed Deposit,4234481.78,2.11,INR,2023-09-04,2027-02-23
DP759,593981,CHN02,Current,1251218.35,3.06,INR,2023-06-03,2031-03-17
DP760,949677,BLR01,Current,3319266.24,2.22,INR,2024-12-16,2030-10-23
DP761,822246,CHN01,Savings,1911037.78,4.49,INR,2024-03-01,2025-03-12
DP762,275245,CHN02,Current,474597.3,2.84,INR,2024-02-18,2030-12-27
DP763,507928,CHN02,Fixed Deposit,1694431.38,4.19,INR,2023-01-20,2027-09-16
DP764,185821,CHN02,Fixed Deposit,3036079.21,6.4,INR,2024-03-14,2027-11-29
DP765,907371,KOL01,Fixed Deposit,4904306.32,4.13,INR,2023-03-10,2028-10-19
DP766,319151,KOL01,Fixed Deposit,226112.0,5.82,INR,2023-08-19,2028-08-23
DP767,635587,MUM01,Current,2850666.44,2.4,INR,2024-10-06,2033-01-22
DP768,387052,MUM01,Fixed Deposit,2517631.35,6.61,INR,2023-01-24,2024-09-04
DP769,778911,CHN02,Savings,1650244.27,2.05,INR,2023-11-10,2031-05-08
DP770,189216,CHN01,Savings,38267.16,2.77,INR,2023-03-18,2027-09-12
DP771,720397,MUM01,Fixed Deposit,2444430.89,3.11,INR,2024-08-18,2030-05-31
DP772,667188,KOL01,Current,503797.53,5.17,INR,2024-10-15,2033-05-03
DP773,483584,CHN01,Savings,1927859.14,5.85,INR,2024-09-11,2029-11-11
DP774,152499,CHN01,Fixed Deposit,-196661.7,3.25,INR,2024-05-31,2029-11-11
DP775,410069,HYD01,Savings,426817.06,3.58,INR,2023-09-06,2026-08-12
DP776,514082,KOL01,Fixed Deposit,3054347.05,3.22,INR,2024-12-26,2032-03-06
DP777,978373,MUM01,Current,1713194.69,6.6,INR,2024-10-02,2032-11-08
DP778,269687,CHN02,Savings,4331736.16,2.96,INR,2024-10-20,2032-06-20
DP779,502391,BLR01,Savings,1352227.47,5.64,INR,2024-05-13,2030-09-04
DP780,966372,KOL01,Fixed Deposit,2853461.95,4.21,INR,2024-07-18,2027-02-27
DP781,233136,BLR01,Current,3591927.8,2.28,INR,2023-03-05,2029-05-14
DP782,933592,CHN02,Current,953517.15,6.54,INR,2023-02-18,2025-06-29
DP783,155874,KOL01,Fixed Deposit,4027599.87,3.3,INR,2023-05-04,2026-07-13
DP784,214381,MUM01,Fixed Deposit,1623355.05,3.51,INR,2023-01-04,2028-06-26
DP785,474864,CHN02,Current,1714963.61,5.8,INR,2024-05-11,2030-01-13
DP786,863828,HYD01,Current,4167159.18,6.98,INR,2024-10-26,2028-06-04
DP787,821791,HYD01,Current,1412310.81,4.89,INR,2024-10-16,2027-06-19
DP788,240279,CHN02,Current,3775781.86,6.99,INR,2024-07-27,2029-09-19
DP789,234855,CHN01,Fixed Deposit,780537.55,2.82,INR,2023-10-28,2029-11-09
DP790,959658,HYD01,Fixed Deposit,1994131.35,3.46,INR,2023-07-20,2032-11-08
DP791,448550,CHN02,Fixed Deposit,2547553.55,3.92,INR,2024-10-10,2028-11-11
DP792,745496,DEL01,Current,4686060.88,6.92,INR,2024-10-27,2029-08-19
DP793,289737,KOL01,Savings,551427.03,6.87,INR,2024-04-01,2025-04-18
DP794,840658,CHN01,Savings,-438565.11,4.11,INR,2024-08-26,2027-06-30
DP795,519445,KOL01,Savings,2871789.0,3.95,INR,2023-11-18,2027-08-11
DP796,725585,DEL01,Current,3929090.66,4.91,INR,2023-05-20,2031-03-13
DP797,613866,CHN02,Fixed Deposit,3357291.6,2.31,INR,2023-05-16,2029-08-27
DP798,666153,CHN02,Savings,3531173.49,2.98,INR,2024-07-05,2031-06-27
DP799,896826,MUM01,Fixed Deposit,1484335.93,4.89,INR,2024-12-04,2033-02-06
DP800,235271,DEL01,Current,524698.23,5.31,INR,2024-04-29,2029-06-12
DP801,785990,BLR01,Savings,1320548.55,6.83,INR,2024-05-13,2026-12-15
DP802,944147,DEL01,Fixed Deposit,1522312.35,5.94,INR,2024-08-15,2025-11-17
DP803,675416,CHN01,Current,1099189.4,6.05,INR,2024-07-02,2030-02-17
DP804,883395,BLR01,Fixed Deposit,3071255.24,3.27,INR,2024-11-10,2030-03-28
DP805,801980,BLR01,Fixed Deposit,3147180.07,6.13,INR,2024-03-11,2029-01-19
DP806,287649,HYD01,Current,2123968.65,3.95,INR,2024-12-30,2032-05-24
DP807,198314,BLR01,Current,1460356.12,6.83,INR,2023-02-06,2024-10-10
DP808,653703,CHN01,Current,4394079.65,2.98,INR,2024-09-26,2032-06-12
DP809,967972,HYD01,Savings,1395364.17,5.25,INR,2024-06-22,2032-12-04
DP810,358273,DEL01,Fixed Deposit,2784877.83,2.29,INR,2023-10-24,2025-12-12
DP811,851872,HYD01,Savings,2107126.13,4.9,INR,2024-12-06,2028-05-31
DP812,883507,CHN01,Savings,2022482.62,2.47,INR,2024-08-18,2026-10-20
DP813,760518,DEL01,Savings,3611145.04,6.33,INR,2024-02-22,2027-05-06
DP814,573243,KOL01,Current,-292628.91,5.32,INR,2024-02-05,2030-06-24
DP815,362624,CHN02,Current,165364.53,5.72,INR,2024-03-25,2030-08-23
DP816,505141,KOL01,Fixed Deposit,2049344.16,4.9,INR,2024-05-09,2029-06-02
DP817,421473,BLR01,Savings,4530356.1,3.5,INR,2023-07-30,2031-01-11
DP818,924945,KOL01,Savings,4780256.37,2.29,INR,2024-02-29,2026-08-15
DP819,405659,CHN02,Fixed Deposit,4537917.98,6.8,INR,2023-06-23,2028-02-27
DP820,105199,CHN01,Current,4388507.34,5.7,INR,2023-06-22,2028-01-10
DP821,275235,CHN01,Fixed Deposit,237617.79,6.82,INR,2023-12-17,2025-06-14
DP822,116036,HYD01,Fixed Deposit,4709961.82,6.03,INR,2024-03-07,2028-03-10
DP823,189157,MUM01,Fixed Deposit,4803411.53,4.35,INR,2023-03-20,2031-02-08
DP824,403790,KOL01,Current,-139462.97,6.09,INR,2024-07-15,2027-03-09
DP825,820009,CHN02,Current,555723.97,6.95,INR,2024-02-01,2028-08-18
DP826,923228,DEL01,Current,4033046.9,3.8,INR,2024-04-15,2031-12-22
DP827,870242,CHN02,Savings,367277.51,3.84,INR,2023-08-11,2025-12-04
DP828,212578,MUM01,Fixed Deposit,1319820.53,3.11,INR,2023-08-21,2028-02-01
DP829,843378,CHN02,Savings,749578.01,3.16,INR,2024-11-28,2026-06-30
DP830,234683,HYD01,Current,2827042.25,4.8,INR,2023-07-16,2030-08-21
DP831,393035,DEL01,Fixed Deposit,3844136.94,4.64,INR,2024-10-04,2025-10-11
DP832,474027,CHN02,Savings,4200051.08,6.33,INR,2024-06-29,2031-01-29
DP833,986162,CHN01,Fixed Deposit,46180.59,4.23,INR,2023-06-10,2025-09-16
DP834,214145,KOL01,Current,1134430.96,3.1,INR,2024-06-13,2027-11-11
DP835,422444,BLR01,Fixed Deposit,2359830.99,4.93,INR,2024-10-27,2029-08-03
DP836,100967,CHN02,Current,2443606.63,2.12,INR,2024-01-15,2025-09-25
DP837,730325,MUM01,Current,2399400.23,6.0,INR,2023-01-18,2029-10-04
DP838,214385,CHN01,Savings,3514357.22,5.32,INR,2024-03-07,2030-11-06
DP839,500214,MUM01,Fixed Deposit,-202322.41,5.32,INR,2024-10-17,2026-12-02
DP840,581959,HYD01,Current,2276695.91,5.88,INR,2024-03-05,2031-12-03
DP841,213325,BLR01,Current,3336201.25,5.49,INR,2023-06-17,2032-09-16
DP842,491485,CHN02,Savings,3745204.46,5.36,INR,2023-07-02,2026-08-23
DP843,262367,CHN01,Fixed Deposit,426037.43,5.46,INR,2024-02-02,2031-09-08
DP844,889677,BLR01,Savings,3200609.09,3.58,INR,2023-06-10,2028-07-28
DP845,729618,CHN01,Fixed Deposit,4812644.14,4.86,INR,2023-08-27,2030-12-18
DP846,979258,CHN01,Current,3438277.92,2.61,INR,2024-11-14,2028-06-14
DP847,614259,CHN01,Current,1432708.28,2.94,INR,2024-10-04,2030-04-17
DP848,846031,CHN02,Fixed Deposit,3362273.38,3.22,INR,2024-05-30,2029-12-24
DP849,661177,KOL01,Fixed Deposit,736790.24,6.13,INR,2023-09-29,2027-04-17
DP850,994260,DEL01,Current,2710800.41,2.09,INR,2023-09-13,2031-08-06
DP851,231227,HYD01,Savings,1382466.73,2.66,INR,2023-07-26,2031-11-16
DP852,681601,BLR01,Current,3704261.25,5.15,INR,2024-04-13,2028-05-10
DP853,695913,MUM01,Fixed Deposit,480297.64,3.07,INR,2024-08-24,2028-07-20
DP854,206813,CHN01,Fixed Deposit,1910325.41,2.77,INR,2024-05-29,2028-03-26
DP855,766653,KOL01,Savings,2759938.18,5.0,INR,2023-11-21,2028-05-28
DP856,944381,DEL01,Savings,30077.91,3.07,INR,2023-10-16,2026-05-25
DP857,368537,KOL01,Fixed Deposit,598877.32,6.01,INR,2023-10-09,2032-06-23
DP858,862322,KOL01,Fixed Deposit,4979891.61,4.94,INR,2024-12-19,2027-12-29
DP859,812431,CHN02,Savings,4839366.21,4.12,INR,2024-04-22,2030-09-28
DP860,585910,HYD01,Fixed Deposit,132753.65,6.28,INR,2024-05-31,2029-12-30
DP861,789067,CHN02,Current,4886966.2,4.51,INR,2024-05-04,2032-05-30
DP862,234189,CHN01,Savings,3101926.99,3.66,INR,2023-12-31,2028-10-08
DP863,410983,DEL01,Current,4298403.29,2.97,INR,2024-03-19,2032-01-22
DP864,883601,HYD01,Savings,2517204.27,3.57,INR,2023-10-04,2028-08-12
DP865,477497,CHN02,Savings,2311009.33,4.57,INR,2023-03-14,2029-06-14
DP866,282091,HYD01,Current,4681893.06,6.41,INR,2023-12-25,2030-10-20
DP867,477796,CHN02,Fixed Deposit,1109597.37,5.88,INR,2023-07-04,2027-02-10
DP868,213860,KOL01,Savings,1527346.66,6.71,INR,2024-05-08,2032-09-29
DP869,350482,MUM01,Savings,1607491.69,5.46,INR,2023-09-21,2026-10-29
DP870,496386,KOL01,Current,3147999.74,2.15,INR,2024-03-31,2025-05-22
DP871,853574,BLR01,Current,2006549.34,5.95,INR,2024-11-01,2034-05-10
DP872,406723,HYD01,Savings,1579585.82,5.51,INR,2024-06-19,2032-09-21
DP873,442287,MUM01,Savings,2854948.2,6.73,INR,2024-02-27,2027-02-19
DP874,868453,DEL01,Savings,1738071.14,3.69,INR,2023-08-06,2025-01-20
DP875,508108,DEL01,Current,4454687.93,5.26,INR,2023-07-26,2024-10-03
DP876,891834,MUM01,Current,1909889.17,2.22,INR,2023-07-16,2030-07-19
DP877,414340,BLR01,Current,1616440.76,4.69,INR,2024-09-04,2027-05-17
DP878,722552,DEL01,Current,4788431.34,6.4,INR,2024-01-07,2028-12-16
DP879,171008,HYD01,Current,-159678.34,4.76,INR,2023-07-06,2028-07-15
DP880,251932,DEL01,Current,4603981.09,6.48,INR,2023-08-02,2025-05-10
DP881,250513,KOL01,Current,1969882.37,6.31,INR,2023-08-07,2033-01-03
DP882,682938,MUM01,Current,2260999.64,3.57,INR,2023-02-07,2032-06-11
DP883,996212,CHN01,Fixed Deposit,1754168.1,6.81,INR,2024-05-30,2027-06-11
DP884,385439,MUM01,Current,1525364.33,3.72,INR,2023-10-31,2033-09-11
DP885,877455,CHN02,Current,2298962.3,3.74,INR,2023-08-22,2027-07-31
DP886,151000,CHN01,Savings,4790684.77,6.76,INR,2023-12-23,2032-11-24
DP887,403701,CHN01,Savings,3189140.52,2.58,INR,2024-05-21,2033-04-21
DP888,202009,DEL01,Current,3971090.27,4.03,INR,2024-11-05,2031-01-21
DP889,647110,KOL01,Fixed Deposit,102663.66,4.87,INR,2023-11-29,2026-03-05
DP890,951565,CHN01,Current,3511276.62,5.33,INR,2024-03-29,2025-05-25
DP891,682158,CHN02,Savings,2402661.11,4.97,INR,2024-04-20,2032-09-10
DP892,308740,CHN01,Savings,3079427.31,3.95,INR,2023-09-04,2031-02-05
DP893,648339,MUM01,Fixed Deposit,2434198.57,4.4,INR,2024-01-21,2030-01-09
DP894,128026,KOL01,Current,2546829.95,2.81,INR,2024-07-15,2026-03-09
DP895,290851,BLR01,Savings,2922357.02,3.87,INR,2024-08-27,2027-02-04
DP896,861661,HYD01,Current,1020714.1,4.09,INR,2023-02-19,2027-04-15
DP897,689093,MUM01,Fixed Deposit,1953579.6,6.73,INR,2024-07-12,2025-10-17
DP898,268326,HYD01,Savings,4199898.02,6.35,INR,2023-01-26,2027-10-22
DP899,845585,DEL01,Savings,4637955.78,3.18,INR,2024-10-06,2031-01-24
DP900,153914,DEL01,Savings,419125.29,3.1,INR,2023-07-24,2030-03-18
DP901,865373,BLR01,Current,1933753.03,6.17,INR,2024-07-11,2033-07-27
DP902,265700,HYD01,Current,3588907.48,4.44,INR,2023-01-28,2024-11-10
DP903,885785,DEL01,Savings,3421948.24,5.22,INR,2024-11-18,2030-08-11
DP904,375759,BLR01,Fixed Deposit,4627198.07,5.12,INR,2023-06-30,2031-06-22
DP905,981275,DEL01,Current,2514444.08,2.81,INR,2023-09-16,2027-01-25
DP906,240922,KOL01,Current,-201548.71,3.59,INR,2023-05-14,2029-09-06
DP907,892027,HYD01,Fixed Deposit,3777788.73,6.15,INR,2023-10-13,2032-11-23
DP908,340459,MUM01,Fixed Deposit,1904726.38,2.11,INR,2023-05-26,2024-06-08
DP909,139984,DEL01,Savings,3812162.83,4.55,INR,2024-03-24,2032-12-03
DP910,157410,DEL01,Fixed Deposit,85535.88,2.78,INR,2024-12-19,2033-12-13
DP911,413446,KOL01,Fixed Deposit,4296356.16,6.55,INR,2023-10-04,2028-09-15
DP912,542287,BLR01,Savings,3576272.05,5.72,INR,2023-02-01,2024-06-06
DP913,348673,HYD01,Savings,101620.31,6.88,INR,2024-05-10,2025-11-23
DP914,869952,CHN01,Fixed Deposit,2894200.02,3.28,INR,2023-11-15,2031-04-13
DP915,331884,DEL01,Savings,1480584.06,2.77,INR,2023-07-21,2031-09-28
DP916,660192,CHN02,Savings,304312.57,2.17,INR,2024-10-23,2033-01-20
DP917,545911,MUM01,Fixed Deposit,1878798.67,3.27,INR,2024-02-01,2033-08-15
DP918,374654,CHN01,Current,472916.55,3.02,INR,2023-09-09,2032-12-10
DP919,107896,MUM01,Fixed Deposit,3619808.18,4.72,INR,2023-06-04,2028-04-08
DP920,766203,DEL01,Savings,1381629.25,2.15,INR,2023-11-21,2027-03-09
DP921,972139,MUM01,Fixed Deposit,4079968.65,2.75,INR,2024-03-05,2032-03-30
DP922,702110,BLR01,Fixed Deposit,716671.85,3.52,INR,2024-07-03,2031-02-25
DP923,442695,KOL01,Fixed Deposit,1767511.52,3.96,INR,2023-12-11,2031-09-11
DP924,926336,CHN02,Fixed Deposit,-190792.41,5.59,INR,2024-01-23,2032-04-07
DP925,934541,BLR01,Savings,374533.44,4.04,INR,2024-12-04,2027-10-21
DP926,183027,MUM01,Savings,2760999.13,6.78,INR,2023-09-13,2024-10-25
DP927,783037,MUM01,Current,3187014.75,6.46,INR,2023-03-28,2031-04-07
DP928,981665,HYD01,Fixed Deposit,1803121.93,2.36,INR,2024-06-23,2032-09-13
DP929,842965,KOL01,Fixed Deposit,362139.14,6.12,INR,2023-11-11,2031-07-15
DP930,643496,DEL01,Savings,3501591.64,3.67,INR,2023-03-31,2028-12-27
DP931,246593,CHN01,Current,4923030.56,2.53,INR,2023-02-21,2029-10-03
DP932,917741,MUM01,Fixed Deposit,456894.35,4.99,INR,2023-03-29,2032-01-20
DP933,756561,DEL01,Fixed Deposit,3277663.07,5.3,INR,2023-10-15,2032-06-24
DP934,344763,DEL01,Savings,1939628.71,4.51,INR,2023-12-08,2029-09-10
DP935,608386,KOL01,Fixed Deposit,1245092.89,4.41,INR,2024-05-18,2032-02-02
DP936,896344,CHN01,Current,647834.5,5.39,INR,2023-02-23,2031-02-14
DP937,279128,MUM01,Savings,901030.86,5.19,INR,2023-04-14,2033-01-13
DP938,710983,KOL01,Fixed Deposit,4459325.8,6.14,INR,2024-03-31,2030-04-23
DP939,390374,MUM01,Fixed Deposit,490289.66,3.17,INR,2024-08-24,2030-03-10
DP940,888172,MUM01,Savings,4958264.4,5.17,INR,2023-06-04,2028-02-16
DP941,129807,DEL01,Current,4255437.86,3.63,INR,2024-10-12,2034-08-25
DP942,897166,HYD01,Current,3187434.88,3.31,INR,2024-11-20,2033-12-01
DP943,509114,CHN01,Fixed Deposit,4493037.66,3.21,INR,2024-01-22,2030-10-28
DP944,268408,CHN01,Current,2890756.8,2.38,INR,2023-07-31,2027-10-23
DP945,355474,CHN02,Savings,4965348.68,4.65,INR,2023-08-07,2031-11-02
DP946,683048,CHN01,Current,4085295.47,4.84,INR,2023-06-30,2031-04-27
DP947,628250,CHN01,Fixed Deposit,2090842.19,4.97,INR,2023-10-02,2030-12-31
DP948,261888,CHN01,Savings,550778.48,2.87,INR,2023-12-17,2026-03-22
DP949,643708,KOL01,Fixed Deposit,1009660.61,4.78,INR,2024-07-10,2028-08-26
DP950,827696,CHN01,Savings,4534597.55,3.13,INR,2023-08-07,2030-10-17
DP951,427108,CHN02,Savings,2068839.88,3.74,INR,2023-05-20,2030-02-26
DP952,880800,BLR01,Fixed Deposit,372644.9,6.91,INR,2024-07-30,2029-03-31
DP953,781232,HYD01,Savings,2905930.37,4.81,INR,2023-11-09,2028-01-17
DP954,594037,CHN02,Fixed Deposit,2010964.06,4.26,INR,2024-06-10,2032-10-29
DP955,396354,DEL01,Savings,88933.85,6.33,INR,2023-09-21,2030-07-18
DP956,313279,BLR01,Fixed Deposit,3696797.07,5.97,INR,2024-02-28,2033-08-27
DP957,808428,CHN02,Savings,888397.23,5.04,INR,2023-06-04,2029-02-04
DP958,338845,CHN02,Savings,398553.48,6.68,INR,2024-09-30,2029-07-04
DP959,748137,BLR01,Savings,1689715.39,6.22,INR,2024-08-07,2030-03-05
DP960,682970,CHN02,Savings,1837330.1,3.5,INR,2024-06-29,2029-11-25
DP961,525935,KOL01,Fixed Deposit,1349421.71,2.98,INR,2024-04-27,2027-03-05
DP962,110681,MUM01,Fixed Deposit,262661.44,4.77,INR,2024-05-05,2032-07-07
DP963,126736,HYD01,Savings,2014150.52,5.11,INR,2023-12-01,2027-10-04
DP964,589395,MUM01,Savings,3992868.03,2.77,INR,2023-02-21,2031-12-09
DP965,652527,CHN01,Savings,1773144.91,4.92,INR,2024-12-07,2032-10-20
DP966,907647,CHN01,Savings,4929664.5,6.0,INR,2024-03-15,2029-06-11
DP967,556190,MUM01,Fixed Deposit,2789840.01,3.05,INR,2023-06-28,2028-07-14
DP968,899540,BLR01,Fixed Deposit,2389670.43,5.33,INR,2023-08-09,2030-02-26
DP969,242142,DEL01,Savings,604601.14,5.49,INR,2023-03-15,2028-11-15
DP970,834741,CHN01,Savings,3633195.13,6.18,INR,2024-12-15,2026-02-17
DP971,477088,DEL01,Savings,985778.89,3.01,INR,2024-02-28,2030-03-04
DP972,347800,HYD01,Savings,1985092.31,3.52,INR,2023-03-09,2027-06-01
DP973,347945,CHN02,Savings,1985830.34,6.15,INR,2024-09-09,2031-11-11
DP974,157595,MUM01,Savings,1179494.68,5.53,INR,2023-03-03,2028-01-09
DP975,477970,KOL01,Fixed Deposit,1607648.77,3.26,INR,2024-09-05,2034-06-21
DP976,330459,CHN01,Fixed Deposit,2151989.2,5.0,INR,2023-01-06,2026-01-23
DP977,406377,KOL01,Savings,576203.29,6.85,INR,2023-07-22,2029-12-29
DP978,333968,KOL01,Current,1233330.87,7.0,INR,2023-06-02,2032-09-15
DP979,305975,DEL01,Savings,-252988.56,2.8,INR,2024-12-02,2026-08-28
DP980,155387,HYD01,Current,135744.58,2.24,INR,2023-01-15,2024-02-11
DP981,567573,HYD01,Current,4331578.53,6.86,INR,2023-10-18,2025-06-10
DP982,651814,CHN01,Fixed Deposit,2422310.79,4.05,INR,2023-07-27,2024-10-18
DP983,793557,CHN02,Fixed Deposit,4903462.01,4.84,INR,2024-12-07,2032-12-26
DP984,524793,KOL01,Current,959344.96,4.73,INR,2023-08-24,2026-04-19
DP985,933452,HYD01,Fixed Deposit,168548.39,3.89,INR,2023-06-04,2031-08-24
DP986,795718,CHN01,Savings,1216275.4,2.85,INR,2024-02-15,2029-07-14
DP987,541317,BLR01,Fixed Deposit,2023653.05,4.67,INR,2023-08-24,2024-10-31
DP988,813746,HYD01,Fixed Deposit,3787427.65,3.04,INR,2024-10-05,2027-03-25
DP989,699437,KOL01,Current,3515044.81,2.17,INR,2023-05-31,2028-12-05
DP990,217760,MUM01,Current,2130452.63,5.33,INR,2024-06-18,2029-08-15
DP991,714248,BLR01,Savings,-468500.19,2.72,INR,2024-07-04,2034-02-14
DP992,877845,KOL01,Savings,1438976.59,3.29,INR,2023-09-22,2030-09-03
DP993,134498,DEL01,Fixed Deposit,3671363.71,4.78,INR,2023-08-23,2033-04-06
DP994,415456,MUM01,Fixed Deposit,2089265.65,4.24,INR,2024-12-14,2030-11-27
DP995,692752,CHN02,Savings,2800424.18,2.94,INR,2023-09-17,2031-10-16
DP996,623088,KOL01,Savings,3328178.52,2.34,INR,2024-12-07,2032-11-28
DP997,657275,DEL01,Current,1019259.44,2.47,INR,2024-12-12,2028-02-06
DP998,154775,HYD01,Current,3845316.4,5.09,INR,2023-09-07,2024-09-08
DP999,718197,HYD01,Savings,3721596.57,4.22,INR,2024-07-30,2028-06-20
DP1000,896131,KOL01,Fixed Deposit,3280490.0,4.8,INR,2024-12-13,2030-05-13
