LoanID,CustomerID,BranchID,LoanType,LoanAmount,InterestRate,Currency,StartDate,MaturityDate,Status
LN1,544342,MUM01,Personal Loan,8204452.9,8.37,INR,2024-06-12,2033-03-27,Active
LN2,468297,MUM01,Home Loan,1261553.53,13.15,INR,2024-04-13,2028-09-05,Active
LN3,516123,KOL01,Auto Loan,8225261.74,11.91,INR,2023-02-12,2024-10-30,Closed
LN4,916271,CHN02,Auto Loan,1091259.62,11.26,INR,2024-06-03,2026-11-03,Default
LN5,810764,MUM01,Auto Loan,6301337.38,8.58,INR,2023-04-01,2033-03-21,Closed
LN6,385356,MUM01,Corporate Loan,98371.92,11.54,INR,2023-12-27,2033-03-19,Closed
LN7,278196,DEL01,Auto Loan,4145266.87,9.07,INR,2023-06-15,2024-12-08,Default
LN8,136596,KOL01,Personal Loan,6281907.78,12.45,INR,2024-09-29,2029-09-22,Closed
LN9,888755,KOL01,Auto Loan,50148.93,7.21,INR,2024-08-18,2031-05-21,Default
LN10,497829,CHN01,Auto Loan,3305166.6,10.21,INR,2024-02-26,2026-11-22,Active
LN11,882132,HYD01,Auto Loan,1230703.89,7.22,INR,2024-03-27,2033-02-17,Default
LN12,869800,MUM01,Personal Loan,6854444.06,7.55,INR,2024-11-09,2025-11-17,Default
LN13,202905,CHN02,Corporate Loan,2088533.38,7.67,INR,2023-12-12,2026-12-10,Closed
LN14,283094,HYD01,Corporate Loan,9281475.81,8.57,INR,2024-07-02,2026-09-10,Closed
LN15,639695,KOL01,Personal Loan,4648923.76,11.53,INR,2023-07-09,2029-03-21,Closed
LN16,343995,KOL01,Personal Loan,2333784.08,11.84,INR,2023-07-05,2024-12-04,Active
LN17,754935,CHN01,Auto Loan,6797949.52,10.32,INR,2024-04-15,2029-11-29,Closed
LN18,430563,HYD01,Corporate Loan,2169749.01,10.03,INR,2024-07-13,2030-04-08,Closed
LN19,856936,KOL01,Personal Loan,7263693.8,10.92,INR,2024-11-09,2031-09-11,Closed
LN20,453094,DEL01,Personal Loan,3364778.84,12.51,INR,2023-10-11,2026-05-05,Default
LN21,724143,BLR01,Personal Loan,109127.42,11.91,INR,2023-08-15,2032-10-20,Active
LN22,349564,HYD01,Auto Loan,4091675.57,12.03,INR,2024-11-10,2032-03-26,Closed
LN23,891285,CHN02,Personal Loan,759590.55,11.53,INR,2024-06-30,2028-08-15,Closed
LN24,969080,CHN01,Auto Loan,6032334.28,13.6,INR,2023-07-29,2028-03-10,Active
LN25,985052,CHN01,Auto Loan,7631523.12,8.57,INR,2024-10-31,2029-04-14,Active
LN26,644691,BLR01,Corporate Loan,2273095.78,12.94,INR,2024-06-13,2029-09-06,Closed
LN27,741875,KOL01,Personal Loan,9661075.06,13.35,INR,2024-09-15,2026-08-20,Closed
LN28,134150,MUM01,Home Loan,4460376.4,11.47,INR,2024-11-05,2028-06-15,Closed
LN29,785635,KOL01,Personal Loan,193558.62,12.15,INR,2023-11-22,2033-09-16,Closed
LN30,689858,DEL01,Corporate Loan,9947824.28,9.79,INR,2024-02-12,2026-07-11,Default
LN31,983429,CHN02,Personal Loan,6444003.81,11.79,INR,2024-07-02,2034-05-14,Default
LN32,441835,HYD01,Home Loan,6978979.94,12.49,INR,2023-10-16,2030-12-20,Closed
LN33,797439,MUM01,Corporate Loan,6856924.72,6.74,INR,2024-03-16,2031-02-28,Closed
LN34,283296,CHN01,Auto Loan,1431046.67,10.58,INR,2024-03-17,2028-07-23,Closed
LN35,961631,CHN01,Personal Loan,3439063.91,10.81,INR,2023-11-19,2033-05-21,Default
LN36,670756,DEL01,Corporate Loan,9882268.2,9.36,INR,2023-02-09,2029-12-26,Closed
LN37,960096,KOL01,Auto Loan,8547562.63,10.48,INR,2023-06-30,2029-05-24,Active
LN38,585988,DEL01,Corporate Loan,6854724.19,12.65,INR,2023-02-24,2030-04-06,Active
LN39,365781,DEL01,Corporate Loan,-266262.39,9.97,INR,2024-03-07,2028-09-18,Closed
LN40,918445,MUM01,Personal Loan,6212119.85,6.71,INR,2024-12-15,2026-12-09,Default
LN41,401137,BLR01,Corporate Loan,3326398.21,12.53,INR,2023-03-02,2031-05-14,Closed
LN42,114298,CHN01,Personal Loan,7298747.24,7.27,INR,2023-12-08,2029-01-31,Closed
LN43,546611,BLR01,Home Loan,6925260.37,11.09,INR,2023-12-19,2030-09-09,Active
LN44,771922,CHN01,Auto Loan,9129060.76,6.88,INR,2023-01-05,2024-12-28,Default
LN45,933922,KOL01,Home Loan,5389619.57,12.66,INR,2023-01-13,2024-04-21,Active
LN46,356118,KOL01,Auto Loan,2610620.52,9.43,INR,2024-09-22,2027-08-17,Default
LN47,797685,KOL01,Corporate Loan,8206996.27,11.92,INR,2024-12-18,2030-01-03,Active
LN48,599175,CHN01,Auto Loan,2554606.09,11.07,INR,2023-03-01,2027-03-30,Active
LN49,526635,CHN01,Personal Loan,5693696.8,10.62,INR,2024-10-11,2034-05-06,Closed
LN50,319224,BLR01,Home Loan,5094544.87,8.05,INR,2023-02-28,2029-11-09,Default
LN51,512641,CHN01,Corporate Loan,8438979.56,10.3,INR,2023-02-02,2030-03-22,Default
LN52,907157,KOL01,Home Loan,1769943.75,8.37,INR,2024-08-08,2026-06-02,Default
LN53,908239,HYD01,Personal Loan,7730843.23,8.43,INR,2024-06-24,2034-04-12,Default
LN54,703433,CHN02,Personal Loan,4341805.9,13.61,INR,2023-03-12,2032-08-15,Default
LN55,918303,CHN02,Corporate Loan,-968546.85,7.48,INR,2024-04-18,2032-07-05,Closed
LN56,821507,CHN01,Auto Loan,7044904.9,11.14,INR,2023-11-27,2025-08-19,Default
LN57,223317,BLR01,Corporate Loan,9698889.2,7.88,INR,2024-09-25,2027-07-14,Active
LN58,741793,HYD01,Corporate Loan,1692087.36,13.86,INR,2023-10-02,2029-03-04,Closed
LN59,367985,BLR01,Auto Loan,6728554.96,13.95,INR,2023-01-09,2032-02-09,Closed
LN60,142924,DEL01,Auto Loan,4193414.98,8.93,INR,2023-12-08,2029-01-06,Active
LN61,440020,DEL01,Personal Loan,9044275.28,6.98,INR,2023-09-16,2031-09-25,Closed
LN62,421652,CHN02,Personal Loan,8987319.77,11.6,INR,2024-04-14,2028-04-19,Active
LN63,424229,DEL01,Auto Loan,5169452.03,9.06,INR,2024-08-31,2033-06-19,Active
LN64,112980,BLR01,Personal Loan,3063599.94,11.22,INR,2024-10-25,2030-12-04,Active
LN65,887547,HYD01,Auto Loan,1699676.15,7.88,INR,2024-11-26,2033-08-09,Closed
LN66,861767,DEL01,Auto Loan,6146515.64,9.97,INR,2023-10-20,2029-10-05,Closed
LN67,394476,HYD01,Corporate Loan,3579820.75,10.7,INR,2024-03-21,2026-08-22,Default
LN68,748099,CHN02,Auto Loan,3976701.22,9.71,INR,2023-03-05,2029-11-26,Default
LN69,913745,KOL01,Auto Loan,5457459.65,13.82,INR,2023-06-21,2024-06-25,Active
LN70,161384,BLR01,Personal Loan,7112967.74,7.55,INR,2024-06-28,2025-07-16,Active
LN71,411438,DEL01,Personal Loan,8472940.4,11.62,INR,2024-10-19,2027-11-01,Active
LN72,325259,HYD01,Auto Loan,7238076.64,12.01,INR,2023-09-16,2024-11-08,Default
LN73,705779,KOL01,Home Loan,6705453.42,-1.75,INR,2023-02-04,2027-01-12,Active
LN74,799823,DEL01,Corporate Loan,2072732.31,7.73,INR,2023-11-30,2030-04-15,Default
LN75,145553,KOL01,Home Loan,6786682.01,11.98,INR,2023-12-18,2029-10-12,Closed
LN76,873937,HYD01,Auto Loan,5296720.04,10.88,INR,2024-11-12,2028-10-04,Active
LN77,209052,CHN02,Home Loan,1141260.21,10.13,INR,2023-07-02,2029-06-01,Default
LN78,510807,CHN02,Home Loan,6310581.41,8.75,INR,2023-09-29,2025-07-07,Closed
LN79,677131,CHN02,Corporate Loan,5575403.66,12.4,INR,2023-02-15,2028-12-01,Active
LN80,141831,DEL01,Corporate Loan,2122278.83,13.28,INR,2023-09-21,2031-02-16,Closed
LN81,132046,CHN01,Auto Loan,2101251.44,12.16,INR,2024-02-14,2033-02-01,Closed
LN82,589339,KOL01,Personal Loan,3051314.34,6.92,INR,2023-11-22,2032-06-01,Active
LN83,936677,MUM01,Home Loan,5151645.72,7.81,INR,2024-02-03,2028-10-29,Default
LN84,301323,KOL01,Personal Loan,2905558.87,8.98,INR,2024-05-08,2027-12-13,Closed
LN85,463941,CHN02,Corporate Loan,2715933.36,13.57,INR,2024-08-08,2033-11-13,Closed
LN86,440384,BLR01,Corporate Loan,5922120.68,13.56,INR,2023-09-12,2029-09-12,Default
LN87,119122,KOL01,Personal Loan,660170.23,13.72,INR,2024-05-28,2033-01-28,Closed
LN88,149149,MUM01,Corporate Loan,802878.3,9.89,INR,2023-11-27,2030-08-18,Active
LN89,689633,DEL01,Personal Loan,481242.16,9.67,INR,2024-07-03,2030-03-16,Active
LN90,860494,DEL01,Auto Loan,7522559.2,12.22,INR,2023-04-20,2025-09-28,Closed
LN91,699436,KOL01,Corporate Loan,7998309.96,9.43,INR,2023-07-09,2029-01-06,Active
LN92,778857,HYD01,Auto Loan,4838460.58,13.32,INR,2024-09-30,2034-09-19,Closed
LN93,127433,KOL01,Home Loan,7088601.17,10.53,INR,2023-08-27,2025-05-13,Default
LN94,831589,MUM01,Home Loan,1199607.25,13.54,INR,2024-02-10,2031-10-17,Closed
LN95,588524,KOL01,Personal Loan,9194475.23,9.37,INR,2023-11-17,2028-05-17,Default
LN96,599372,CHN02,Auto Loan,-354211.46,13.79,INR,2023-08-23,2030-01-18,Default
LN97,601686,CHN02,Auto Loan,3608890.85,8.72,INR,2024-04-17,2027-12-10,Default
LN98,603163,CHN02,Personal Loan,3412707.76,13.5,INR,2023-11-24,2027-12-04,Closed
LN99,523329,HYD01,Home Loan,3373616.48,7.64,INR,2024-06-03,2031-04-26,Closed
LN100,124485,MUM01,Auto Loan,2134927.93,7.06,INR,2023-06-30,2025-02-04,Active
LN101,384514,MUM01,Corporate Loan,3496161.01,7.8,INR,2023-07-14,2032-01-14,Default
LN102,277858,MUM01,Personal Loan,2934443.35,9.64,INR,2023-04-17,2026-03-28,Closed
LN103,635061,KOL01,Corporate Loan,-811578.05,8.2,INR,2024-12-08,2029-02-24,Default
LN104,773734,MUM01,Auto Loan,1341469.22,7.26,INR,2023-09-08,2030-05-05,Closed
LN105,729362,HYD01,Home Loan,1424653.41,11.03,INR,2023-05-15,2029-05-30,Default
LN106,214282,CHN02,Home Loan,5762324.4,9.66,INR,2024-08-08,2026-01-06,Closed
LN107,808242,HYD01,Home Loan,1432153.48,-3.23,INR,2024-12-11,2027-11-01,Default
LN108,115809,HYD01,Home Loan,5889187.98,11.22,INR,2024-11-13,2030-12-24,Default
LN109,915111,DEL01,Personal Loan,3979359.69,13.92,INR,2023-08-01,2030-10-26,Default
LN110,165050,MUM01,Auto Loan,5611684.76,12.95,INR,2023-07-01,2031-12-07,Active
LN111,616192,DEL01,Personal Loan,6554726.72,9.84,INR,2024-12-10,2026-06-23,Default
LN112,484940,KOL01,Corporate Loan,1366857.51,12.39,INR,2024-12-22,2029-05-09,Closed
LN113,332822,KOL01,Home Loan,9347499.43,7.59,INR,2024-06-09,2026-05-21,Default
LN114,532051,KOL01,Corporate Loan,1520682.22,10.56,INR,2023-06-27,2029-01-18,Active
LN115,218182,BLR01,Corporate Loan,4290911.88,11.48,INR,2024-01-06,2026-03-15,Active
LN116,885459,BLR01,Personal Loan,8428880.63,7.99,INR,2024-08-20,2027-12-15,Default
LN117,983495,HYD01,Personal Loan,3921044.38,12.92,INR,2024-12-03,2029-02-26,Default
LN118,400456,CHN01,Home Loan,4191553.67,10.59,INR,2023-12-03,2027-08-11,Default
LN119,866092,CHN02,Auto Loan,220683.93,12.59,INR,2023-02-18,2031-11-10,Default
LN120,228759,DEL01,Corporate Loan,9842161.82,10.34,INR,2024-03-28,2026-05-18,Default
LN121,228024,CHN02,Auto Loan,2507674.8,11.63,INR,2024-05-14,2033-03-05,Default
LN122,962638,DEL01,Personal Loan,-292453.82,13.02,INR,2024-04-14,2026-01-29,Active
LN123,517366,KOL01,Auto Loan,8473077.68,7.81,INR,2023-01-29,2027-01-18,Default
LN124,512816,KOL01,Corporate Loan,4615973.41,7.26,INR,2023-11-24,2029-07-29,Active
LN125,995293,BLR01,Personal Loan,9628231.61,6.6,INR,2023-10-26,2027-04-07,Active
LN126,889025,HYD01,Corporate Loan,3179294.68,6.93,INR,2023-12-02,2025-11-11,Default
LN127,831665,MUM01,Corporate Loan,1917342.2,7.02,INR,2023-10-27,2032-10-11,Closed
LN128,964806,CHN02,Personal Loan,5512254.73,12.16,INR,2023-09-05,2026-08-22,Default
LN129,551801,CHN02,Auto Loan,4465087.63,12.73,INR,2023-11-10,2030-08-14,Default
LN130,620011,DEL01,Home Loan,8933155.05,7.05,INR,2024-08-18,2031-03-31,Default
LN131,481201,CHN01,Personal Loan,4081914.01,10.5,INR,2023-08-23,2026-02-08,Active
LN132,309537,CHN02,Auto Loan,1338607.73,11.31,INR,2023-06-16,2028-09-25,Default
LN133,325532,MUM01,Corporate Loan,3751185.64,7.27,INR,2023-06-09,2027-12-05,Closed
LN134,968855,BLR01,Corporate Loan,3649777.93,7.72,INR,2024-01-14,2026-04-28,Default
LN135,853376,DEL01,Home Loan,4586456.06,8.13,INR,2023-11-03,2030-03-18,Active
LN136,738658,DEL01,Corporate Loan,3165824.42,9.34,INR,2023-02-25,2030-12-09,Default
LN137,341003,KOL01,Corporate Loan,1098439.53,9.38,INR,2024-03-17,2028-09-08,Active
LN138,220614,DEL01,Auto Loan,1838343.07,13.49,INR,2024-11-15,2030-10-23,Closed
LN139,667692,CHN02,Auto Loan,1472753.41,8.39,INR,2024-06-01,2031-08-06,Default
LN140,685576,BLR01,Home Loan,8458298.72,13.29,INR,2023-08-08,2026-03-03,Closed
LN141,181901,CHN02,Corporate Loan,7473118.96,10.47,INR,2024-01-27,2027-06-21,Active
LN142,244526,CHN02,Home Loan,9068733.94,12.56,INR,2024-10-12,2034-06-26,Closed
LN143,555903,HYD01,Corporate Loan,1055554.75,10.73,INR,2023-05-16,2032-06-04,Closed
LN144,530879,HYD01,Corporate Loan,1875888.91,13.24,INR,2024-03-01,2028-12-27,Active
LN145,880857,MUM01,Personal Loan,1358691.36,11.2,INR,2024-03-21,2033-10-14,Active
LN146,711536,CHN01,Home Loan,5741576.09,9.02,INR,2024-08-25,2032-12-14,Closed
LN147,905987,BLR01,Corporate Loan,8540726.36,8.04,INR,2024-12-11,2026-11-10,Default
LN148,685814,DEL01,Personal Loan,1373857.36,6.9,INR,2023-03-25,2024-06-13,Closed
LN149,437430,CHN02,Corporate Loan,8933816.45,6.89,INR,2023-12-24,2029-12-04,Active
LN150,144707,MUM01,Home Loan,2738788.51,10.03,INR,2024-04-20,2029-02-12,Default
LN151,868525,MUM01,Corporate Loan,9872322.33,9.35,INR,2023-07-04,2032-11-15,Default
LN152,543881,HYD01,Home Loan,6684315.06,10.51,INR,2023-10-22,2025-02-04,Closed
LN153,182344,BLR01,Corporate Loan,4997865.19,11.06,INR,2024-01-23,2026-06-15,Active
LN154,614590,DEL01,Personal Loan,3779327.66,8.66,INR,2023-05-16,2030-07-04,Default
LN155,830954,KOL01,Corporate Loan,9536905.71,7.47,INR,2023-03-19,2033-03-05,Default
LN156,224391,HYD01,Auto Loan,9967221.99,-4.72,INR,2024-11-03,2028-01-07,Default
LN157,241852,DEL01,Auto Loan,2178251.14,10.18,INR,2023-07-08,2026-08-30,Active
LN158,609914,CHN01,Corporate Loan,6656713.97,7.2,INR,2023-07-10,2026-02-19,Active
LN159,168402,DEL01,Auto Loan,9289967.37,13.61,INR,2024-07-23,2031-10-24,Default
LN160,139797,BLR01,Home Loan,4322484.87,8.2,INR,2024-10-30,2031-11-25,Default
LN161,534167,CHN02,Auto Loan,6791784.53,7.75,INR,2024-12-04,2031-04-01,Active
LN162,393852,DEL01,Home Loan,5866647.07,13.3,INR,2023-09-08,2026-06-12,Closed
LN163,905394,BLR01,Personal Loan,3153363.56,9.32,INR,2024-04-16,2032-06-24,Active
LN164,855199,MUM01,Home Loan,7170590.25,10.75,INR,2023-09-05,2025-04-10,Closed
LN165,316103,HYD01,Home Loan,1686100.99,6.6,INR,2024-05-13,2031-11-12,Closed
LN166,263924,CHN02,Home Loan,869120.66,11.91,INR,2024-12-04,2029-05-09,Closed
LN167,423595,BLR01,Home Loan,7885347.46,7.71,INR,2023-09-06,2031-02-23,Active
LN168,883719,KOL01,Auto Loan,5779098.59,7.28,INR,2024-11-29,2026-06-27,Default
LN169,710269,CHN02,Home Loan,9316543.97,12.78,INR,2024-01-25,2029-05-24,Active
LN170,313257,KOL01,Auto Loan,3147323.55,12.84,INR,2024-01-10,2033-06-06,Default
LN171,847664,KOL01,Home Loan,4195140.64,9.87,INR,2024-02-21,2030-10-05,Default
LN172,900652,CHN02,Corporate Loan,6983847.03,12.58,INR,2024-11-26,2029-04-04,Default
LN173,400076,HYD01,Home Loan,4332364.37,8.89,INR,2023-01-22,2024-11-27,Active
LN174,784235,DEL01,Auto Loan,5071614.02,13.52,INR,2023-11-25,2029-03-28,Closed
LN175,889677,BLR01,Personal Loan,182445.51,9.03,INR,2023-06-11,2027-11-13,Closed
LN176,613372,MUM01,Personal Loan,5631280.83,12.79,INR,2023-11-24,2033-08-09,Active
LN177,430062,KOL01,Corporate Loan,9973591.02,9.38,INR,2023-08-12,2032-11-26,Closed
LN178,291660,HYD01,Corporate Loan,3007923.79,8.26,INR,2024-01-25,2033-04-26,Active
LN179,914586,CHN02,Auto Loan,4558622.11,8.84,INR,2024-07-30,2029-07-22,Closed
LN180,439966,HYD01,Home Loan,3251346.03,8.29,INR,2024-06-02,2027-09-15,Closed
LN181,934569,CHN01,Auto Loan,3593062.4,12.57,INR,2024-03-21,2033-03-23,Default
LN182,932550,CHN01,Auto Loan,4227573.92,12.97,INR,2024-12-13,2027-08-08,Closed
LN183,634440,KOL01,Auto Loan,7350135.66,11.6,INR,2024-09-16,2034-03-02,Default
LN184,879353,CHN02,Home Loan,5899857.86,10.4,INR,2024-07-09,2030-08-27,Default
LN185,198498,CHN01,Auto Loan,8723663.8,7.38,INR,2024-05-08,2033-08-02,Default
LN186,471466,BLR01,Personal Loan,2273587.58,6.68,INR,2023-06-27,2031-01-15,Closed
LN187,751671,BLR01,Corporate Loan,-538345.98,10.42,INR,2023-10-12,2026-05-31,Closed
LN188,521540,KOL01,Auto Loan,6565661.96,8.03,INR,2023-05-17,2026-12-02,Default
LN189,910589,KOL01,Personal Loan,1458170.87,8.94,INR,2023-12-26,2031-02-22,Active
LN190,323056,MUM01,Home Loan,7093103.2,9.98,INR,2023-09-19,2029-01-26,Default
LN191,744736,BLR01,Personal Loan,9518581.31,11.7,INR,2024-01-04,2029-06-21,Default
LN192,316051,CHN02,Home Loan,7802509.62,10.63,INR,2023-07-31,2030-03-14,Active
LN193,729122,CHN02,Corporate Loan,2916204.89,6.89,INR,2024-06-27,2028-02-22,Default
LN194,384611,MUM01,Auto Loan,3643355.32,10.62,INR,2024-01-04,2025-05-06,Active
LN195,203818,HYD01,Auto Loan,-675163.99,10.64,INR,2023-05-11,2032-09-11,Active
LN196,763903,BLR01,Corporate Loan,6311712.84,6.59,INR,2023-03-22,2032-02-26,Closed
LN197,855471,KOL01,Corporate Loan,5635571.39,13.46,INR,2023-11-02,2029-12-10,Default
LN198,882431,HYD01,Auto Loan,4322412.75,8.44,INR,2024-12-03,2030-05-25,Active
LN199,387231,DEL01,Personal Loan,6562403.1,7.66,INR,2024-01-27,2028-10-22,Closed
LN200,724145,HYD01,Auto Loan,1942820.55,12.03,INR,2024-06-30,2028-05-22,Active
LN201,771486,MUM01,Auto Loan,9672915.99,12.32,INR,2023-02-26,2025-02-09,Closed
LN202,168481,CHN02,Corporate Loan,7307807.25,13.13,INR,2023-07-29,2025-09-05,Active
LN203,683912,KOL01,Corporate Loan,2809561.08,11.12,INR,2023-11-30,2026-11-12,Active
LN204,562536,KOL01,Personal Loan,9463939.91,12.43,INR,2023-11-02,2029-03-14,Default
LN205,245569,MUM01,Home Loan,2847978.24,7.57,INR,2024-05-19,2031-01-30,Active
LN206,139311,BLR01,Auto Loan,6930052.75,8.06,INR,2023-05-08,2031-02-03,Active
LN207,888722,HYD01,Corporate Loan,7352148.22,13.38,INR,2024-08-25,2033-07-28,Closed
LN208,900478,CHN01,Corporate Loan,191959.97,8.55,INR,2023-04-04,2031-08-13,Default
LN209,435989,HYD01,Corporate Loan,665311.48,9.8,INR,2024-10-24,2028-12-21,Active
LN210,979635,DEL01,Corporate Loan,7212587.3,11.86,INR,2024-11-09,2034-09-13,Closed
LN211,757068,BLR01,Auto Loan,5084444.33,7.65,INR,2023-12-29,2030-08-06,Active
LN212,697563,DEL01,Corporate Loan,1795558.38,6.87,INR,2024-09-26,2029-01-06,Closed
LN213,966175,HYD01,Personal Loan,5154533.69,11.11,INR,2023-05-04,2028-03-05,Closed
LN214,851645,MUM01,Home Loan,3769112.49,7.32,INR,2023-12-07,2026-06-29,Closed
LN215,705788,MUM01,Personal Loan,5157529.91,11.08,INR,2023-04-25,2029-01-17,Active
LN216,327961,MUM01,Auto Loan,5007600.72,10.32,INR,2023-01-07,2030-11-19,Active
LN217,736228,CHN01,Corporate Loan,2390477.81,8.14,INR,2023-12-31,2025-04-13,Closed
LN218,840410,BLR01,Auto Loan,5525686.77,13.14,INR,2023-11-02,2024-12-10,Active
LN219,587923,CHN02,Corporate Loan,7637507.56,7.93,INR,2024-08-14,2030-09-14,Default
LN220,475802,DEL01,Personal Loan,8603197.12,7.7,INR,2024-07-11,2026-07-25,Closed
LN221,814748,DEL01,Personal Loan,7769543.89,7.7,INR,2024-06-08,2027-11-09,Closed
LN222,643204,BLR01,Corporate Loan,1522812.36,13.17,INR,2024-09-02,2031-01-29,Default
LN223,785401,MUM01,Auto Loan,6204403.39,6.85,INR,2023-12-02,2029-08-26,Closed
LN224,907737,KOL01,Corporate Loan,3443842.6,12.47,INR,2024-02-24,2025-05-18,Default
LN225,814088,HYD01,Auto Loan,6202545.99,10.24,INR,2023-11-01,2031-12-17,Closed
LN226,282063,CHN02,Home Loan,9591414.81,9.53,INR,2024-07-01,2032-10-14,Active
LN227,357209,CHN01,Home Loan,759436.08,9.46,INR,2024-11-17,2029-06-23,Default
LN228,559981,DEL01,Corporate Loan,8036270.13,7.26,INR,2024-03-25,2032-05-10,Active
LN229,513344,CHN02,Auto Loan,2419964.31,8.79,INR,2024-10-31,2033-01-08,Default
LN230,997146,MUM01,Corporate Loan,641712.64,12.92,INR,2023-08-03,2032-11-30,Default
LN231,303309,CHN01,Auto Loan,2686602.89,11.26,INR,2023-05-09,2030-08-28,Closed
LN232,219680,HYD01,Corporate Loan,-988553.81,9.95,INR,2023-02-16,2025-05-01,Default
LN233,140326,BLR01,Personal Loan,6761656.92,10.19,INR,2024-10-06,2030-09-28,Closed
LN234,582535,DEL01,Corporate Loan,2323163.16,11.3,INR,2024-12-09,2032-03-29,Default
LN235,798535,CHN02,Home Loan,6671994.36,7.98,INR,2024-11-14,2031-12-21,Closed
LN236,206668,KOL01,Auto Loan,3825405.02,7.48,INR,2023-06-16,2026-04-17,Default
LN237,826965,DEL01,Auto Loan,7767841.5,10.33,INR,2023-01-24,2026-01-13,Closed
LN238,395730,CHN01,Home Loan,2898476.99,13.87,INR,2023-04-18,2031-08-20,Closed
LN239,773956,CHN01,Home Loan,7026856.31,7.79,INR,2023-05-22,2031-08-06,Active
LN240,670840,BLR01,Auto Loan,6737555.71,13.2,INR,2023-10-29,2026-12-21,Default
LN241,280364,BLR01,Corporate Loan,1727414.05,11.47,INR,2024-08-06,2025-08-28,Default
LN242,283441,BLR01,Auto Loan,5891041.61,13.06,INR,2024-10-22,2028-03-15,Active
LN243,492558,BLR01,Home Loan,9222297.35,13.53,INR,2023-07-06,2029-01-14,Closed
LN244,747623,CHN02,Home Loan,1543626.2,8.15,INR,2023-03-09,2027-04-12,Default
LN245,768728,BLR01,Corporate Loan,9101940.17,10.48,INR,2024-09-06,2028-04-26,Closed
LN246,350824,DEL01,Corporate Loan,7984895.2,10.2,INR,2023-03-24,2025-02-03,Active
LN247,569334,BLR01,Personal Loan,5299214.4,12.67,INR,2024-10-20,2026-09-10,Closed
LN248,394258,MUM01,Home Loan,1876897.14,12.44,INR,2024-08-31,2025-12-14,Default
LN249,914899,BLR01,Corporate Loan,886068.89,10.76,INR,2023-07-23,2027-08-01,Default
LN250,700418,HYD01,Corporate Loan,63330.7,13.39,INR,2023-12-30,2031-05-29,Default
LN251,536652,CHN01,Auto Loan,2751091.11,9.6,INR,2024-06-24,2028-03-13,Active
LN252,557688,DEL01,Personal Loan,7776864.59,7.64,INR,2023-02-17,2024-03-22,Active
LN253,108892,CHN02,Personal Loan,1176689.89,12.13,INR,2024-11-22,2034-09-30,Closed
LN254,476491,CHN01,Corporate Loan,648091.78,12.76,INR,2023-02-04,2028-06-17,Closed
LN255,266796,DEL01,Corporate Loan,6624375.37,12.15,INR,2024-11-01,2032-01-23,Default
LN256,218766,HYD01,Personal Loan,6925222.27,11.05,INR,2024-06-23,2030-10-15,Default
LN257,430470,KOL01,Home Loan,7845233.71,13.82,INR,2023-07-10,2030-08-10,Closed
LN258,220221,DEL01,Corporate Loan,6586038.51,10.77,INR,2023-07-08,2026-04-01,Closed
LN259,323124,MUM01,Home Loan,3476462.87,11.92,INR,2024-12-24,2032-01-26,Closed
LN260,522625,BLR01,Auto Loan,5649741.28,10.77,INR,2024-06-06,2029-03-10,Closed
LN261,178935,BLR01,Auto Loan,4376673.13,8.59,INR,2023-01-26,2030-05-05,Closed
LN262,271015,HYD01,Home Loan,7147964.27,12.61,INR,2023-10-27,2027-12-04,Default
LN263,601915,KOL01,Home Loan,8275635.66,13.31,INR,2024-01-04,2030-06-26,Default
LN264,478812,DEL01,Home Loan,7475371.03,9.53,INR,2023-12-07,2033-03-07,Active
LN265,557927,HYD01,Personal Loan,7903510.33,-2.5,INR,2023-11-09,2026-04-29,Active
LN266,457220,CHN01,Personal Loan,7186218.73,13.55,INR,2023-06-14,2028-06-30,Closed
LN267,399387,MUM01,Personal Loan,4700175.47,8.78,INR,2023-01-19,2024-08-22,Closed
LN268,334261,DEL01,Home Loan,362904.56,8.38,INR,2023-04-14,2030-11-18,Closed
LN269,744684,DEL01,Auto Loan,5456671.43,12.64,INR,2023-02-26,2030-06-11,Closed
LN270,833529,HYD01,Auto Loan,3735674.66,7.28,INR,2024-06-20,2031-02-11,Closed
LN271,900058,CHN02,Personal Loan,5822416.89,13.17,INR,2023-07-05,2028-04-24,Closed
LN272,733403,BLR01,Personal Loan,5122292.25,6.64,INR,2024-09-15,2034-02-15,Default
LN273,593880,KOL01,Home Loan,4680201.06,7.41,INR,2024-10-12,2033-08-24,Active
LN274,165880,CHN02,Home Loan,8123527.13,9.47,INR,2024-10-09,2028-07-20,Active
LN275,823796,CHN01,Auto Loan,4798700.19,10.24,INR,2023-03-31,2028-06-04,Default
LN276,645396,BLR01,Auto Loan,7253929.39,11.24,INR,2024-09-29,2032-03-09,Closed
LN277,747058,BLR01,Home Loan,9684064.06,9.96,INR,2023-09-13,2026-01-07,Default
LN278,105450,HYD01,Personal Loan,9839651.41,11.68,INR,2023-09-09,2032-12-05,Active
LN279,343418,CHN02,Corporate Loan,3593546.4,7.93,INR,2024-09-11,2033-06-28,Default
LN280,563300,MUM01,Corporate Loan,7645187.54,12.16,INR,2024-01-05,2031-08-12,Active
LN281,570383,HYD01,Personal Loan,1094538.02,7.75,INR,2024-04-13,2032-05-26,Default
LN282,229019,DEL01,Home Loan,8216699.07,7.78,INR,2023-06-16,2026-11-04,Active
LN283,113988,DEL01,Auto Loan,1465904.21,13.8,INR,2023-05-15,2031-05-03,Default
LN284,573527,KOL01,Auto Loan,2597321.47,13.88,INR,2024-08-12,2028-12-26,Closed
LN285,959568,BLR01,Personal Loan,7788886.13,6.76,INR,2024-02-14,2033-10-15,Active
LN286,615773,MUM01,Home Loan,6430944.88,11.9,INR,2024-03-26,2034-01-25,Default
LN287,157634,KOL01,Corporate Loan,6114301.84,11.48,INR,2024-04-06,2027-07-28,Active
LN288,192966,KOL01,Home Loan,2918544.84,6.94,INR,2024-12-12,2026-07-28,Closed
LN289,564001,CHN02,Auto Loan,8897375.51,8.54,INR,2023-01-05,2030-10-21,Closed
LN290,196365,CHN02,Personal Loan,3867040.03,9.24,INR,2024-04-28,2025-08-15,Closed
LN291,365289,CHN02,Home Loan,1875399.37,8.06,INR,2023-08-30,2024-09-23,Closed
LN292,528438,KOL01,Personal Loan,9350379.96,10.41,INR,2024-05-23,2033-06-13,Default
LN293,641382,MUM01,Auto Loan,8525155.83,12.91,INR,2024-05-14,2025-06-19,Closed
LN294,801771,MUM01,Auto Loan,861446.36,7.9,INR,2024-07-18,2033-01-16,Active
LN295,458189,DEL01,Corporate Loan,1945497.88,7.69,INR,2023-04-11,2032-11-10,Active
LN296,639354,CHN01,Personal Loan,6336228.65,11.67,INR,2023-06-06,2030-01-26,Default
LN297,780862,CHN02,Home Loan,5073222.14,13.73,INR,2023-12-30,2025-02-20,Active
LN298,913113,KOL01,Corporate Loan,2562833.67,7.38,INR,2023-02-04,2029-11-27,Active
LN299,920489,KOL01,Corporate Loan,2376373.59,11.58,INR,2023-07-25,2027-07-20,Closed
LN300,265042,KOL01,Home Loan,7290005.38,13.29,INR,2024-08-16,2028-10-19,Active
LN301,256107,KOL01,Corporate Loan,9328794.16,13.43,INR,2023-10-18,2026-02-01,Active
LN302,441931,CHN02,Corporate Loan,3297329.09,11.95,INR,2024-07-06,2033-02-25,Closed
LN303,749679,MUM01,Personal Loan,4063756.19,13.34,INR,2023-07-04,2031-04-08,Default
LN304,710201,MUM01,Home Loan,1256277.75,11.82,INR,2023-12-08,2027-05-22,Active
LN305,700642,HYD01,Auto Loan,7320892.57,13.86,INR,2024-10-07,2025-12-25,Active
LN306,837535,BLR01,Home Loan,1504586.48,12.1,INR,2024-10-14,2026-07-21,Active
LN307,713528,HYD01,Auto Loan,6671464.67,-3.36,INR,2023-01-31,2030-08-05,Active
LN308,729316,HYD01,Auto Loan,5433087.52,10.76,INR,2024-08-27,2028-10-11,Default
LN309,512909,HYD01,Personal Loan,8114316.69,12.17,INR,2023-03-30,2025-08-16,Default
LN310,752467,MUM01,Personal Loan,8918903.98,12.77,INR,2024-11-14,2032-07-29,Closed
LN311,234396,KOL01,Corporate Loan,6598207.17,11.45,INR,2024-02-21,2025-08-30,Closed
LN312,767923,CHN01,Auto Loan,8992726.81,9.14,INR,2024-03-11,2030-08-04,Closed
LN313,593164,KOL01,Corporate Loan,2867442.95,7.31,INR,2023-07-28,2028-05-31,Default
LN314,135210,DEL01,Personal Loan,6976969.34,11.3,INR,2024-07-28,2034-05-14,Active
LN315,474308,CHN01,Personal Loan,1181652.74,9.24,INR,2023-11-14,2033-03-15,Default
LN316,801547,HYD01,Home Loan,7628959.03,7.57,INR,2023-03-16,2030-10-05,Active
LN317,700898,CHN02,Auto Loan,6396477.51,12.7,INR,2024-03-16,2030-02-26,Closed
LN318,178036,CHN02,Corporate Loan,2352880.45,13.71,INR,2023-11-28,2029-03-10,Closed
LN319,892984,CHN02,Auto Loan,-756184.95,6.76,INR,2024-06-17,2032-10-21,Active
LN320,518983,BLR01,Personal Loan,5438178.52,8.89,INR,2023-02-05,2032-04-04,Active
LN321,799431,DEL01,Home Loan,5818646.79,10.57,INR,2023-09-07,2029-06-06,Active
LN322,903503,MUM01,Personal Loan,1185355.01,12.22,INR,2023-05-28,2031-02-04,Closed
LN323,624254,DEL01,Corporate Loan,7737640.44,10.26,INR,2023-03-29,2032-11-28,Closed
LN324,373588,CHN02,Home Loan,9667476.9,11.01,INR,2024-03-24,2033-10-24,Closed
LN325,939942,MUM01,Corporate Loan,7562856.54,9.68,INR,2024-06-22,2027-08-28,Closed
LN326,696496,KOL01,Auto Loan,4872372.98,13.33,INR,2023-07-13,2027-02-08,Active
LN327,484873,KOL01,Personal Loan,1002135.89,8.46,INR,2024-08-12,2029-02-02,Default
LN328,225247,KOL01,Personal Loan,149567.4,13.36,INR,2024-11-18,2030-02-04,Active
LN329,469060,CHN02,Corporate Loan,5721522.24,12.47,INR,2024-06-27,2034-02-10,Default
LN330,506173,CHN02,Personal Loan,5735163.95,12.23,INR,2024-07-15,2031-09-28,Active
LN331,289007,DEL01,Corporate Loan,4509671.25,39.4,INR,2024-02-03,2032-04-20,Default
LN332,812417,DEL01,Home Loan,6242082.35,10.71,INR,2023-09-07,2030-10-28,Default
LN333,188429,MUM01,Auto Loan,5170838.7,8.82,INR,2024-01-25,2025-10-23,Closed
LN334,611428,DEL01,Home Loan,4295345.54,12.37,INR,2024-03-19,2027-01-04,Closed
LN335,116964,DEL01,Auto Loan,8635149.42,13.77,INR,2023-05-04,2024-05-29,Default
LN336,688369,BLR01,Home Loan,3387108.91,7.8,INR,2023-09-23,2026-03-24,Active
LN337,404458,HYD01,Corporate Loan,4013557.87,11.12,INR,2024-02-19,2027-03-03,Active
LN338,768658,DEL01,Personal Loan,3842155.5,8.22,INR,2024-02-25,2031-03-11,Default
LN339,886726,BLR01,Auto Loan,9692561.31,6.79,INR,2024-10-29,2026-06-23,Active
LN340,664685,HYD01,Corporate Loan,3151683.52,12.19,INR,2024-08-04,2031-11-17,Closed
LN341,258216,MUM01,Corporate Loan,3382340.79,10.42,INR,2024-01-20,2028-03-25,Default
LN342,285553,DEL01,Home Loan,5400072.47,12.82,INR,2023-12-13,2032-05-16,Default
LN343,697422,KOL01,Auto Loan,9411141.43,8.6,INR,2023-07-13,2030-11-11,Active
LN344,113421,KOL01,Home Loan,2386442.02,9.66,INR,2024-08-29,2031-01-08,Default
LN345,346180,MUM01,Auto Loan,5102559.2,6.65,INR,2023-10-27,2027-10-20,Closed
LN346,775740,KOL01,Home Loan,1356440.11,11.45,INR,2024-10-17,2026-11-27,Active
LN347,304431,CHN01,Auto Loan,6820812.04,9.37,INR,2024-10-14,2033-09-23,Active
LN348,941825,BLR01,Home Loan,9323510.38,13.94,INR,2023-07-28,2029-10-08,Closed
LN349,433999,MUM01,Personal Loan,2306932.3,8.25,INR,2024-12-15,2030-07-20,Closed
LN350,786948,CHN02,Auto Loan,9023283.19,6.92,INR,2024-06-27,2032-06-04,Default
LN351,382567,KOL01,Personal Loan,5577782.96,9.15,INR,2024-01-12,2032-01-22,Closed
LN352,572261,BLR01,Corporate Loan,1352757.06,9.33,INR,2024-12-30,2030-05-30,Active
LN353,177655,DEL01,Corporate Loan,8970925.9,8.08,INR,2024-08-27,2029-09-13,Closed
LN354,979058,CHN01,Home Loan,3897139.28,13.79,INR,2023-04-05,2024-09-29,Closed
LN355,343627,DEL01,Auto Loan,7200373.46,10.18,INR,2023-07-06,2028-12-20,Closed
LN356,673149,CHN02,Personal Loan,2417677.6,9.99,INR,2024-04-21,2033-02-10,Default
LN357,683613,DEL01,Corporate Loan,5565907.95,7.32,INR,2023-04-11,2026-10-16,Closed
LN358,308983,KOL01,Home Loan,4760105.33,7.47,INR,2023-08-23,2030-09-11,Active
LN359,829219,HYD01,Personal Loan,7074785.55,13.65,INR,2023-10-02,2025-08-28,Active
LN360,707064,KOL01,Auto Loan,1439541.07,8.59,INR,2024-09-03,2029-02-23,Closed
LN361,685520,DEL01,Home Loan,-947946.53,9.68,INR,2023-05-15,2028-07-22,Default
LN362,656008,CHN01,Personal Loan,1185514.25,9.68,INR,2023-09-09,2026-03-01,Default
LN363,657776,KOL01,Corporate Loan,7722457.75,10.76,INR,2023-10-21,2031-06-28,Closed
LN364,683922,BLR01,Corporate Loan,7746083.89,11.11,INR,2024-03-11,2030-06-14,Default
LN365,227321,CHN01,Auto Loan,6681144.95,6.85,INR,2024-03-21,2027-10-27,Active
LN366,522719,BLR01,Home Loan,3603364.85,7.62,INR,2024-06-26,2030-11-20,Default
LN367,111035,KOL01,Home Loan,575120.28,32.27,INR,2024-03-13,2028-09-24,Active
LN368,416519,DEL01,Home Loan,4901412.09,9.18,INR,2023-04-26,2024-11-01,Active
LN369,539689,CHN02,Auto Loan,7522821.94,7.71,INR,2023-03-24,2027-01-05,Default
LN370,751264,KOL01,Personal Loan,8587901.18,12.04,INR,2024-05-13,2029-09-12,Default
LN371,525326,DEL01,Corporate Loan,9765056.75,6.77,INR,2023-07-02,2032-07-31,Closed
LN372,386379,HYD01,Personal Loan,5878473.69,9.47,INR,2024-06-30,2030-07-10,Default
LN373,952084,HYD01,Auto Loan,3029718.09,10.52,INR,2023-04-04,2026-06-11,Closed
LN374,280345,BLR01,Auto Loan,8373632.11,8.49,INR,2024-05-23,2030-06-19,Closed
LN375,312434,MUM01,Home Loan,1539695.82,10.47,INR,2023-03-19,2024-09-12,Closed
LN376,356465,CHN02,Corporate Loan,2036412.8,6.59,INR,2023-09-26,2031-12-14,Default
LN377,360269,HYD01,Personal Loan,9219715.92,11.2,INR,2023-05-10,2032-11-08,Default
LN378,397714,KOL01,Auto Loan,3348240.53,11.7,INR,2023-08-30,2029-10-04,Active
LN379,364228,KOL01,Personal Loan,9090547.26,8.38,INR,2024-07-31,2028-05-29,Closed
LN380,626438,MUM01,Corporate Loan,9939608.42,7.43,INR,2023-10-20,2027-07-21,Active
LN381,580127,KOL01,Corporate Loan,4050990.81,13.23,INR,2023-10-08,2025-06-01,Closed
LN382,912500,CHN02,Auto Loan,8623275.74,6.83,INR,2024-04-09,2025-08-15,Active
LN383,772615,HYD01,Auto Loan,-216057.35,12.03,INR,2024-01-03,2029-04-27,Default
LN384,974669,DEL01,Corporate Loan,6960789.85,13.42,INR,2024-02-28,2031-06-19,Active
LN385,536313,CHN01,Home Loan,8446575.37,12.7,INR,2024-06-01,2030-01-31,Active
LN386,207764,KOL01,Corporate Loan,6021451.74,13.04,INR,2024-09-04,2028-07-08,Closed
LN387,557693,CHN01,Home Loan,7061189.95,8.3,INR,2024-04-03,2026-04-08,Active
LN388,805395,HYD01,Home Loan,404895.78,12.72,INR,2024-04-14,2025-09-10,Active
LN389,285429,MUM01,Home Loan,6200748.21,9.13,INR,2023-09-30,2029-03-04,Default
LN390,616183,CHN02,Home Loan,-84994.4,10.49,INR,2024-08-16,2027-06-08,Active
LN391,430555,CHN01,Corporate Loan,6148522.74,7.41,INR,2024-01-27,2027-12-31,Active
LN392,891824,CHN02,Home Loan,8784551.48,13.35,INR,2024-04-19,2025-08-09,Active
LN393,990447,DEL01,Corporate Loan,8900894.23,12.53,INR,2024-05-26,2034-02-01,Closed
LN394,602754,CHN02,Corporate Loan,3741017.03,13.0,INR,2023-02-02,2032-07-10,Active
LN395,208903,KOL01,Corporate Loan,6644279.49,8.77,INR,2024-07-24,2032-06-06,Default
LN396,800014,KOL01,Corporate Loan,2161016.52,9.99,INR,2023-09-22,2031-05-13,Closed
LN397,433259,HYD01,Auto Loan,6971049.37,9.09,INR,2024-07-14,2031-06-03,Default
LN398,185202,CHN01,Auto Loan,7304422.31,-1.0,INR,2023-08-24,2031-10-10,Default
LN399,862548,KOL01,Home Loan,4997661.29,8.36,INR,2023-08-26,2027-05-12,Default
LN400,529559,KOL01,Auto Loan,2217629.16,6.57,INR,2024-01-10,2031-10-15,Active
LN401,123603,KOL01,Home Loan,5814046.76,10.57,INR,2024-05-23,2032-12-31,Active
LN402,357746,MUM01,Corporate Loan,5565022.66,11.91,INR,2024-01-16,2029-04-18,Active
LN403,367147,KOL01,Corporate Loan,4404004.28,10.37,INR,2024-02-19,2025-11-21,Closed
LN404,609121,CHN01,Corporate Loan,6849207.12,9.28,INR,2024-05-17,2033-08-10,Active
LN405,299416,CHN02,Corporate Loan,-314573.13,11.89,INR,2023-05-22,2030-01-24,Default
LN406,957505,HYD01,Personal Loan,4777018.31,13.55,INR,2024-03-21,2026-10-17,Default
LN407,845573,BLR01,Personal Loan,3174237.55,13.26,INR,2024-03-04,2032-09-07,Active
LN408,266314,CHN01,Corporate Loan,906940.98,10.21,INR,2023-06-25,2026-03-13,Closed
LN409,883757,HYD01,Personal Loan,7831286.19,12.05,INR,2024-10-24,2026-11-09,Closed
LN410,518657,DEL01,Personal Loan,158987.12,11.89,INR,2024-05-31,2027-07-14,Closed
LN411,288726,MUM01,Auto Loan,9001914.45,-0.98,INR,2023-12-08,2033-02-22,Default
LN412,839613,DEL01,Auto Loan,4171313.26,7.56,INR,2024-12-15,2029-03-28,Closed
LN413,486976,HYD01,Home Loan,7430174.06,11.42,INR,2024-04-07,2029-01-09,Default
LN414,360612,CHN01,Home Loan,7777096.59,10.69,INR,2024-05-15,2027-09-29,Closed
LN415,240209,CHN02,Home Loan,6909466.18,8.92,INR,2024-01-24,2027-12-23,Closed
LN416,138942,DEL01,Corporate Loan,4327540.91,35.33,INR,2024-06-15,2030-12-14,Closed
LN417,664446,MUM01,Personal Loan,5956904.92,9.24,INR,2024-04-01,2032-06-22,Closed
LN418,940157,MUM01,Personal Loan,1653427.27,12.55,INR,2024-03-28,2028-10-11,Active
LN419,885424,BLR01,Personal Loan,8613730.87,9.62,INR,2024-05-02,2025-05-19,Closed
LN420,602509,KOL01,Personal Loan,6449023.8,13.07,INR,2024-01-14,2033-10-11,Closed
LN421,761313,CHN02,Personal Loan,9060273.21,10.57,INR,2024-05-06,2029-03-23,Closed
LN422,610256,HYD01,Home Loan,7815490.34,7.46,INR,2023-12-15,2031-08-01,Closed
LN423,234528,DEL01,Corporate Loan,8061922.34,12.84,INR,2023-08-24,2029-05-28,Closed
LN424,139806,CHN02,Home Loan,7706312.07,8.5,INR,2024-09-05,2034-02-10,Closed
LN425,160828,CHN02,Personal Loan,1570768.98,8.27,INR,2024-11-23,2030-03-18,Default
LN426,193952,KOL01,Corporate Loan,9332209.55,10.38,INR,2023-05-07,2030-08-29,Active
LN427,756453,BLR01,Home Loan,5231625.09,7.65,INR,2023-04-26,2026-07-22,Default
LN428,998210,KOL01,Home Loan,4612713.72,9.83,INR,2023-12-07,2031-08-09,Default
LN429,841022,MUM01,Personal Loan,1935241.61,10.56,INR,2024-09-08,2025-10-28,Closed
LN430,718766,KOL01,Auto Loan,6054843.76,12.24,INR,2024-02-13,2026-05-29,Closed
LN431,425546,MUM01,Auto Loan,4259467.58,10.12,INR,2024-07-13,2027-09-18,Closed
LN432,493596,MUM01,Home Loan,-836206.84,9.7,INR,2024-03-04,2034-01-09,Default
LN433,318088,BLR01,Home Loan,5551635.34,7.93,INR,2024-03-07,2033-07-21,Default
LN434,121589,BLR01,Corporate Loan,8350290.02,7.16,INR,2023-10-02,2032-12-23,Closed
LN435,640551,CHN01,Corporate Loan,6952507.8,8.43,INR,2024-10-29,2033-04-19,Default
LN436,891081,DEL01,Auto Loan,4250762.46,8.82,INR,2023-03-12,2026-02-07,Closed
LN437,158784,BLR01,Personal Loan,9454047.68,9.98,INR,2024-07-23,2027-07-09,Default
LN438,986628,KOL01,Auto Loan,5612503.27,10.86,INR,2024-11-06,2030-04-17,Closed
LN439,614563,CHN02,Personal Loan,6653739.36,9.77,INR,2024-07-29,2032-12-28,Active
LN440,830029,HYD01,Home Loan,6721425.49,9.61,INR,2024-01-19,2032-01-08,Active
LN441,843457,KOL01,Home Loan,8259570.48,10.65,INR,2024-01-01,2033-01-21,Default
LN442,829441,BLR01,Home Loan,8982430.62,12.82,INR,2023-05-14,2029-04-02,Active
LN443,419884,HYD01,Personal Loan,-278332.63,13.56,INR,2023-08-11,2032-03-23,Active
LN444,838319,BLR01,Corporate Loan,9037338.98,9.77,INR,2023-07-04,2032-12-27,Closed
LN445,739136,CHN01,Corporate Loan,1490057.83,12.55,INR,2024-05-17,2025-10-03,Active
LN446,459589,DEL01,Auto Loan,9649775.7,10.24,INR,2024-06-27,2031-12-12,Active
LN447,333859,CHN01,Home Loan,1915181.63,7.06,INR,2025-01-01,2032-01-15,Default
LN448,139222,BLR01,Auto Loan,9347304.09,7.95,INR,2024-10-27,2031-09-10,Active
LN449,235757,KOL01,Auto Loan,1726475.14,8.59,INR,2023-04-22,2032-10-06,Active
LN450,174157,BLR01,Corporate Loan,8759698.73,11.38,INR,2023-03-19,2025-10-02,Closed
LN451,425392,KOL01,Personal Loan,8819058.92,10.73,INR,2023-07-30,2030-06-05,Active
LN452,321289,HYD01,Home Loan,7174072.53,11.52,INR,2023-11-18,2027-12-19,Closed
LN453,630188,CHN02,Home Loan,2271373.16,9.8,INR,2023-05-06,2030-12-13,Closed
LN454,335882,KOL01,Home Loan,9645654.81,11.12,INR,2024-02-15,2031-02-11,Closed
LN455,264866,DEL01,Personal Loan,2735671.0,10.11,INR,2024-07-01,2032-09-27,Active
LN456,893863,MUM01,Auto Loan,5332623.33,9.52,INR,2024-07-04,2027-05-08,Default
LN457,529629,CHN02,Auto Loan,6390027.4,12.47,INR,2023-11-16,2031-07-07,Closed
LN458,524360,DEL01,Auto Loan,3797559.55,9.99,INR,2024-12-11,2032-09-17,Default
LN459,337975,MUM01,Home Loan,3319005.78,8.5,INR,2024-02-28,2028-06-27,Default
LN460,649112,MUM01,Corporate Loan,2353187.83,8.12,INR,2024-10-07,2031-11-28,Active
LN461,245324,HYD01,Corporate Loan,9985360.33,13.25,INR,2023-06-19,2029-03-11,Default
LN462,767652,CHN02,Personal Loan,6641350.46,7.21,INR,2023-05-09,2029-02-18,Active
LN463,916200,CHN01,Auto Loan,1911829.1,6.98,INR,2024-09-24,2027-01-05,Closed
LN464,490663,CHN02,Personal Loan,675228.91,11.03,INR,2024-06-06,2028-12-10,Active
LN465,942287,KOL01,Corporate Loan,515597.01,8.5,INR,2023-12-17,2028-10-07,Closed
LN466,141304,CHN01,Corporate Loan,5531730.42,10.16,INR,2023-08-04,2026-07-05,Default
LN467,900044,CHN01,Personal Loan,7061974.78,10.84,INR,2023-03-04,2029-05-07,Active
LN468,251852,MUM01,Auto Loan,6771366.67,11.65,INR,2024-12-22,2025-12-22,Default
LN469,673298,BLR01,Corporate Loan,9149583.32,8.25,INR,2024-10-27,2028-03-31,Default
LN470,361924,CHN01,Home Loan,5652195.89,12.42,INR,2023-07-23,2031-10-17,Active
LN471,491538,BLR01,Corporate Loan,7894268.26,13.15,INR,2023-01-06,2027-02-24,Default
LN472,936456,CHN01,Personal Loan,6635028.84,13.04,INR,2024-02-16,2032-04-11,Closed
LN473,233083,DEL01,Auto Loan,3503297.2,6.89,INR,2023-05-07,2026-12-18,Active
LN474,807813,CHN01,Personal Loan,1787967.31,13.57,INR,2024-05-03,2031-11-03,Active
LN475,417179,CHN01,Corporate Loan,5736452.35,10.84,INR,2024-07-29,2030-07-13,Closed
LN476,455111,CHN01,Home Loan,2977122.83,9.51,INR,2023-06-21,2032-07-10,Closed
LN477,994790,DEL01,Corporate Loan,119814.2,7.54,INR,2023-06-04,2033-03-10,Closed
LN478,995557,BLR01,Auto Loan,3900074.68,10.54,INR,2024-08-15,2032-11-28,Default
LN479,823559,HYD01,Personal Loan,1378585.99,13.64,INR,2024-04-29,2028-11-20,Active
LN480,508464,DEL01,Corporate Loan,5667500.38,9.46,INR,2024-07-02,2029-02-07,Default
LN481,841916,CHN02,Corporate Loan,7180706.84,11.86,INR,2023-12-06,2025-05-02,Default
LN482,986614,DEL01,Corporate Loan,4644605.49,11.19,INR,2023-01-11,2029-01-28,Closed
LN483,511410,HYD01,Personal Loan,4415347.86,9.86,INR,2024-04-14,2026-01-17,Default
LN484,967320,KOL01,Personal Loan,6311563.44,10.63,INR,2023-06-24,2032-11-06,Active
LN485,563276,MUM01,Corporate Loan,4208738.13,7.56,INR,2024-03-09,2025-07-07,Default
LN486,803634,HYD01,Auto Loan,796966.17,9.02,INR,2024-09-01,2026-10-16,Default
LN487,755148,MUM01,Personal Loan,2929443.58,8.22,INR,2024-03-05,2033-12-18,Active
LN488,471732,MUM01,Auto Loan,4690901.42,9.37,INR,2023-09-13,2027-04-05,Closed
LN489,586912,MUM01,Home Loan,3286343.14,9.1,INR,2024-05-19,2026-04-08,Active
LN490,734298,HYD01,Home Loan,5904541.36,13.96,INR,2023-03-23,2032-03-28,Closed
LN491,255204,MUM01,Auto Loan,6811598.67,7.6,INR,2023-01-28,2029-07-21,Closed
LN492,280237,HYD01,Personal Loan,5389807.06,11.47,INR,2023-02-02,2027-08-21,Active
LN493,144663,CHN02,Corporate Loan,8416148.03,7.95,INR,2024-07-30,2030-03-11,Active
LN494,215037,BLR01,Corporate Loan,7140809.82,12.97,INR,2023-04-21,2031-10-24,Closed
LN495,469107,CHN02,Personal Loan,9016983.11,13.83,INR,2023-11-05,2025-07-05,Default
LN496,250339,CHN01,Home Loan,-664177.95,10.61,INR,2023-12-22,2028-04-16,Default
LN497,509857,HYD01,Home Loan,7130592.24,7.54,INR,2024-04-07,2026-11-17,Default
LN498,821268,CHN02,Auto Loan,6258733.23,6.84,INR,2023-01-24,2025-09-29,Active
LN499,109543,BLR01,Corporate Loan,9162650.1,12.97,INR,2024-11-24,2033-08-27,Closed
LN500,405274,CHN02,Personal Loan,4726959.17,12.26,INR,2023-12-09,2033-07-13,Default
LN501,217549,HYD01,Auto Loan,5225221.52,7.37,INR,2023-05-07,2028-10-26,Closed
LN502,697600,HYD01,Personal Loan,9359043.33,7.13,INR,2023-02-24,2026-02-08,Active
LN503,691397,MUM01,Personal Loan,1999403.21,7.47,INR,2023-04-17,2025-12-30,Active
LN504,666098,HYD01,Auto Loan,798182.87,8.28,INR,2024-07-05,2026-01-11,Active
LN505,207941,HYD01,Corporate Loan,1935569.75,13.01,INR,2023-08-27,2028-07-02,Closed
LN506,529644,HYD01,Personal Loan,1081438.09,11.1,INR,2024-06-11,2026-01-05,Active
LN507,275852,CHN01,Personal Loan,521000.53,13.66,INR,2024-10-11,2026-04-02,Default
LN508,242953,HYD01,Personal Loan,3347989.91,10.86,INR,2024-06-02,2030-09-25,Closed
LN509,649882,KOL01,Home Loan,3311776.88,13.32,INR,2024-10-22,2026-02-20,Closed
LN510,882680,HYD01,Personal Loan,8122913.48,10.75,INR,2023-05-31,2031-12-30,Closed
LN511,560850,HYD01,Auto Loan,7388670.71,6.75,INR,2023-12-07,2031-06-14,Closed
LN512,485040,MUM01,Home Loan,3339873.6,7.21,INR,2024-04-22,2027-05-12,Default
LN513,489687,MUM01,Personal Loan,8153756.76,36.71,INR,2023-01-08,2025-07-05,Default
LN514,642888,CHN02,Home Loan,9783099.09,13.51,INR,2024-11-30,2033-02-01,Default
LN515,211084,MUM01,Personal Loan,9901106.66,8.1,INR,2023-06-21,2029-12-27,Active
LN516,918480,CHN01,Personal Loan,1223591.87,36.74,INR,2024-04-15,2029-12-05,Default
LN517,994274,CHN01,Auto Loan,8957786.89,9.61,INR,2024-09-14,2027-06-01,Active
LN518,669887,CHN01,Corporate Loan,6253591.62,8.95,INR,2023-08-11,2026-10-01,Active
LN519,839130,DEL01,Corporate Loan,7102998.68,32.34,INR,2024-07-29,2026-05-29,Default
LN520,301418,KOL01,Auto Loan,9434217.93,6.66,INR,2024-11-19,2027-03-19,Default
LN521,144272,DEL01,Corporate Loan,1903131.42,7.03,INR,2023-06-30,2030-06-29,Default
LN522,776700,MUM01,Home Loan,3516359.53,7.82,INR,2024-11-24,2028-10-11,Default
LN523,895715,DEL01,Home Loan,998121.11,6.79,INR,2024-01-31,2025-09-10,Active
LN524,280658,CHN01,Corporate Loan,9114748.1,8.69,INR,2024-09-22,2030-10-29,Default
LN525,664374,HYD01,Home Loan,4842903.58,7.42,INR,2024-12-19,2028-07-18,Active
LN526,296684,BLR01,Personal Loan,6363965.79,11.01,INR,2024-01-30,2032-06-22,Closed
LN527,312366,CHN01,Personal Loan,1916465.89,7.42,INR,2023-04-18,2029-11-30,Default
LN528,546411,CHN02,Auto Loan,2492187.01,6.64,INR,2024-02-04,2031-06-04,Closed
LN529,433845,BLR01,Auto Loan,4644152.56,10.96,INR,2023-09-03,2033-04-17,Closed
LN530,404176,BLR01,Home Loan,5148048.78,7.53,INR,2024-12-27,2027-03-26,Active
LN531,999926,MUM01,Auto Loan,912830.39,12.96,INR,2024-08-30,2026-10-25,Active
LN532,281813,KOL01,Home Loan,1348173.17,10.09,INR,2024-06-04,2028-04-18,Default
LN533,562792,MUM01,Auto Loan,8124278.51,7.9,INR,2024-06-11,2030-12-26,Closed
LN534,790919,CHN02,Personal Loan,4812127.85,6.59,INR,2024-02-06,2027-05-23,Active
LN535,359276,CHN01,Corporate Loan,4956216.0,12.87,INR,2023-12-10,2032-07-24,Default
LN536,950111,CHN01,Corporate Loan,828046.19,13.22,INR,2024-01-21,2029-04-06,Closed
LN537,284306,MUM01,Personal Loan,1543477.57,11.65,INR,2024-02-03,2028-03-28,Default
LN538,146141,CHN02,Home Loan,1074883.44,13.8,INR,2024-09-20,2026-09-01,Default
LN539,877829,MUM01,Home Loan,8626653.64,6.67,INR,2024-02-05,2025-11-03,Default
LN540,970669,DEL01,Corporate Loan,3563280.93,7.88,INR,2024-01-05,2026-03-28,Default
LN541,147366,DEL01,Home Loan,1666747.25,12.8,INR,2024-07-18,2034-06-06,Active
LN542,364483,CHN02,Auto Loan,-661872.81,12.85,INR,2023-11-19,2030-10-23,Closed
LN543,468405,MUM01,Auto Loan,5303440.59,13.66,INR,2023-06-21,2027-08-26,Closed
LN544,238514,DEL01,Home Loan,1773807.44,8.75,INR,2023-08-24,2031-12-19,Closed
LN545,373083,CHN01,Auto Loan,4858178.9,11.93,INR,2023-09-19,2029-03-15,Active
LN546,393284,BLR01,Corporate Loan,5083399.01,9.22,INR,2023-11-29,2024-12-13,Default
LN547,392721,BLR01,Auto Loan,2284989.93,12.7,INR,2024-08-27,2026-09-29,Default
LN548,900356,CHN01,Auto Loan,4700432.08,10.88,INR,2024-10-07,2027-12-04,Default
LN549,317000,CHN02,Home Loan,4151720.59,8.02,INR,2023-08-23,2031-04-03,Active
LN550,964525,MUM01,Corporate Loan,7881043.12,10.22,INR,2024-09-21,2033-08-27,Closed
LN551,170818,MUM01,Home Loan,8268255.4,8.86,INR,2024-12-12,2028-09-23,Active
LN552,945154,DEL01,Home Loan,2686226.63,7.57,INR,2023-06-06,2030-07-25,Default
LN553,939727,CHN01,Home Loan,5296087.63,7.66,INR,2024-08-20,2031-07-15,Default
LN554,481520,CHN02,Personal Loan,9766346.05,11.59,INR,2024-08-20,2028-05-09,Default
LN555,248380,DEL01,Personal Loan,3431661.37,12.77,INR,2024-11-11,2034-10-24,Closed
LN556,130488,KOL01,Corporate Loan,4049504.0,13.63,INR,2024-12-21,2029-07-08,Default
LN557,326088,DEL01,Personal Loan,8636933.78,7.28,INR,2024-11-29,2028-03-11,Closed
LN558,912414,KOL01,Corporate Loan,6871482.19,13.45,INR,2023-02-01,2028-05-30,Default
LN559,790900,HYD01,Home Loan,-76482.88,11.97,INR,2024-09-10,2032-10-03,Closed
LN560,414421,KOL01,Personal Loan,9845818.75,8.54,INR,2024-07-19,2030-02-24,Closed
LN561,583204,CHN02,Corporate Loan,1295812.35,9.03,INR,2024-06-06,2032-08-24,Active
LN562,398052,CHN01,Personal Loan,8071503.38,9.77,INR,2024-10-11,2027-07-30,Closed
LN563,864580,CHN02,Home Loan,4358963.09,10.06,INR,2023-07-13,2025-09-08,Default
LN564,403575,MUM01,Personal Loan,5682697.39,9.65,INR,2023-04-09,2030-07-10,Closed
LN565,221476,DEL01,Auto Loan,7963126.47,13.68,INR,2023-12-26,2026-03-22,Closed
LN566,478184,MUM01,Corporate Loan,-61950.95,13.56,INR,2024-01-16,2032-04-17,Active
LN567,368531,KOL01,Personal Loan,5265668.27,7.39,INR,2024-02-24,2031-06-15,Closed
LN568,273343,DEL01,Auto Loan,6112176.45,13.17,INR,2024-07-20,2030-07-07,Closed
LN569,554952,MUM01,Home Loan,7065882.41,27.39,INR,2023-01-28,2028-04-02,Closed
LN570,203800,HYD01,Home Loan,4535824.61,8.3,INR,2024-08-28,2032-03-29,Closed
LN571,989143,MUM01,Home Loan,7969148.21,7.0,INR,2024-06-10,2027-05-21,Default
LN572,708707,HYD01,Corporate Loan,3956316.4,9.79,INR,2024-09-14,2026-11-27,Active
LN573,556907,CHN01,Auto Loan,6360432.99,7.23,INR,2023-12-25,2032-01-09,Active
LN574,664957,MUM01,Personal Loan,4850376.5,7.19,INR,2024-03-25,2033-09-10,Active
LN575,419616,CHN01,Corporate Loan,8962445.56,6.54,INR,2023-04-19,2029-08-06,Default
LN576,985989,DEL01,Home Loan,7446741.02,9.05,INR,2024-12-18,2031-09-11,Default
LN577,825421,KOL01,Corporate Loan,3695000.13,11.06,INR,2024-12-06,2033-01-05,Active
LN578,764147,DEL01,Home Loan,2446776.98,9.39,INR,2023-05-06,2027-12-20,Closed
LN579,422761,CHN01,Home Loan,3781052.83,12.49,INR,2023-12-26,2030-12-21,Closed
LN580,697091,KOL01,Home Loan,6873559.76,6.6,INR,2023-12-06,2032-08-19,Default
LN581,925337,DEL01,Personal Loan,2125188.01,8.07,INR,2024-02-21,2029-01-15,Closed
LN582,600533,MUM01,Auto Loan,3962168.27,7.7,INR,2023-05-18,2025-09-16,Closed
LN583,762721,CHN02,Personal Loan,9723790.63,-0.81,INR,2023-04-24,2031-07-25,Active
LN584,874406,KOL01,Corporate Loan,256288.49,10.97,INR,2024-06-15,2027-08-20,Closed
LN585,899195,CHN01,Corporate Loan,3205810.86,13.29,INR,2024-03-27,2029-01-28,Active
LN586,921665,DEL01,Corporate Loan,5454142.69,12.26,INR,2024-01-07,2032-08-13,Active
LN587,841931,DEL01,Personal Loan,975193.04,10.95,INR,2024-02-08,2025-05-21,Closed
LN588,888130,KOL01,Personal Loan,8045783.03,13.83,INR,2023-09-15,2029-09-16,Closed
LN589,191177,BLR01,Corporate Loan,3311347.98,10.37,INR,2024-12-24,2032-11-15,Active
LN590,866592,CHN02,Auto Loan,2902109.08,9.46,INR,2024-01-15,2028-06-06,Active
LN591,542292,CHN01,Home Loan,1284678.33,12.78,INR,2024-04-23,2028-08-08,Closed
LN592,138297,BLR01,Corporate Loan,9939125.01,13.49,INR,2024-11-19,2029-03-14,Closed
LN593,519837,DEL01,Personal Loan,7611199.54,7.08,INR,2024-12-02,2029-09-14,Default
LN594,157279,DEL01,Auto Loan,3959890.96,11.5,INR,2024-06-22,2030-08-25,Default
LN595,310346,CHN02,Personal Loan,5174599.23,12.15,INR,2023-07-23,2027-05-06,Default
LN596,338648,CHN02,Personal Loan,6942886.49,6.85,INR,2023-03-23,2029-09-18,Closed
LN597,273388,DEL01,Auto Loan,5688256.15,10.42,INR,2024-07-31,2030-04-29,Default
LN598,888525,DEL01,Auto Loan,2742727.58,12.64,INR,2024-06-03,2034-03-11,Default
LN599,381694,CHN02,Corporate Loan,4239221.41,7.63,INR,2023-08-08,2025-12-11,Default
LN600,995342,DEL01,Corporate Loan,685283.46,11.94,INR,2024-10-13,2029-09-16,Closed
LN601,698586,BLR01,Personal Loan,3535081.43,11.87,INR,2024-05-15,2033-02-22,Active
LN602,696398,CHN01,Home Loan,934228.98,12.27,INR,2024-04-04,2028-01-23,Default
LN603,800019,KOL01,Corporate Loan,5935808.49,-0.85,INR,2023-02-23,2025-03-03,Active
LN604,492680,KOL01,Home Loan,3389159.82,9.67,INR,2023-09-20,2026-06-17,Active
LN605,660460,MUM01,Personal Loan,7824224.2,11.33,INR,2024-05-05,2025-05-20,Default
LN606,894443,CHN02,Corporate Loan,2899422.95,7.54,INR,2023-03-29,2026-03-25,Closed
LN607,486364,CHN01,Corporate Loan,7313757.0,8.72,INR,2024-07-29,2029-06-10,Default
LN608,988213,CHN01,Auto Loan,5473825.23,13.87,INR,2024-02-28,2033-05-02,Closed
LN609,872327,CHN02,Personal Loan,2106247.32,12.33,INR,2024-10-08,2029-06-03,Default
LN610,421559,KOL01,Auto Loan,4228621.68,13.4,INR,2023-06-08,2030-12-26,Active
LN611,422693,CHN01,Corporate Loan,806138.37,-2.57,INR,2024-07-12,2026-07-17,Active
LN612,979189,HYD01,Personal Loan,5048437.7,6.71,INR,2024-10-23,2034-08-15,Active
LN613,319266,KOL01,Auto Loan,697400.32,10.71,INR,2024-03-03,2032-03-22,Default
LN614,127269,DEL01,Auto Loan,490584.14,11.34,INR,2024-07-15,2031-10-09,Default
LN615,552998,CHN01,Home Loan,8530811.36,12.01,INR,2025-01-01,2029-07-05,Active
LN616,124684,BLR01,Home Loan,8076808.07,12.91,INR,2024-12-12,2032-03-30,Closed
LN617,801693,DEL01,Home Loan,9739955.43,9.59,INR,2023-10-24,2026-11-10,Default
LN618,324298,BLR01,Auto Loan,828471.59,10.44,INR,2024-09-21,2033-05-03,Active
LN619,127159,BLR01,Home Loan,407595.08,13.49,INR,2023-03-17,2025-12-01,Closed
LN620,374835,KOL01,Corporate Loan,4569371.25,8.56,INR,2024-08-06,2030-07-31,Default
LN621,649380,KOL01,Personal Loan,5936076.28,11.33,INR,2023-09-02,2031-08-13,Closed
LN622,386161,MUM01,Auto Loan,2902443.74,11.19,INR,2024-04-19,2026-07-08,Active
LN623,605204,DEL01,Home Loan,7278795.22,8.37,INR,2023-02-05,2030-12-04,Closed
LN624,675235,DEL01,Auto Loan,3306816.24,12.59,INR,2023-02-28,2027-03-08,Default
LN625,898128,MUM01,Personal Loan,1565933.08,11.44,INR,2024-10-23,2030-09-06,Default
LN626,772892,CHN02,Personal Loan,6026497.76,9.78,INR,2023-07-24,2027-01-25,Active
LN627,731699,DEL01,Auto Loan,5964657.83,9.65,INR,2024-01-26,2033-04-15,Active
LN628,179584,CHN02,Home Loan,7185906.4,8.15,INR,2023-08-30,2030-07-19,Closed
LN629,706038,KOL01,Auto Loan,6251698.24,8.27,INR,2023-10-11,2026-03-12,Active
LN630,369039,HYD01,Corporate Loan,6594708.22,8.83,INR,2023-02-07,2029-08-17,Active
LN631,381147,MUM01,Corporate Loan,5931784.2,8.59,INR,2023-05-18,2032-10-22,Closed
LN632,672960,KOL01,Home Loan,5859903.05,13.87,INR,2024-11-24,2034-03-07,Default
LN633,956884,DEL01,Personal Loan,4398811.12,9.52,INR,2024-08-18,2028-09-05,Closed
LN634,824394,HYD01,Auto Loan,8248605.7,11.48,INR,2024-02-05,2032-01-23,Closed
LN635,171837,CHN02,Home Loan,9743412.35,8.92,INR,2023-10-28,2029-06-05,Closed
LN636,223673,CHN01,Auto Loan,9022473.51,7.94,INR,2023-08-30,2028-10-01,Active
LN637,275521,CHN02,Personal Loan,2958394.52,8.65,INR,2023-08-22,2033-06-09,Active
LN638,462844,MUM01,Corporate Loan,2214262.78,7.75,INR,2024-03-18,2030-05-06,Default
LN639,499016,CHN01,Home Loan,607091.46,8.0,INR,2024-10-24,2032-08-11,Default
LN640,666129,HYD01,Personal Loan,1578332.03,6.87,INR,2023-05-28,2029-07-26,Default
LN641,182995,BLR01,Home Loan,1276840.25,8.84,INR,2023-05-26,2032-09-27,Closed
LN642,698798,KOL01,Auto Loan,5329706.0,6.88,INR,2023-07-19,2032-04-02,Active
LN643,444190,CHN02,Personal Loan,3448315.56,10.95,INR,2023-02-17,2025-04-15,Active
LN644,258840,CHN01,Auto Loan,3106350.2,7.75,INR,2023-08-18,2027-11-07,Active
LN645,114616,DEL01,Personal Loan,5849529.89,7.99,INR,2024-07-01,2029-02-01,Active
LN646,945982,CHN02,Personal Loan,1688246.07,11.51,INR,2024-11-27,2031-02-17,Active
LN647,403309,HYD01,Corporate Loan,6912037.06,7.71,INR,2024-07-18,2031-09-06,Closed
LN648,767244,MUM01,Personal Loan,3160734.32,13.01,INR,2024-03-06,2028-09-05,Default
LN649,241454,MUM01,Personal Loan,2246842.06,10.15,INR,2023-11-12,2029-05-31,Default
LN650,934208,MUM01,Home Loan,1557431.0,7.84,INR,2023-09-13,2029-08-20,Active
LN651,675740,KOL01,Corporate Loan,2239482.04,7.79,INR,2023-10-28,2026-01-24,Active
LN652,985376,CHN01,Personal Loan,5811139.39,7.27,INR,2024-07-01,2026-04-17,Default
LN653,412992,DEL01,Personal Loan,6748950.48,12.79,INR,2023-01-13,2031-06-01,Active
LN654,801183,DEL01,Corporate Loan,6291014.09,7.53,INR,2023-08-22,2030-08-15,Active
LN655,780102,BLR01,Personal Loan,692810.33,12.79,INR,2024-03-03,2026-08-11,Closed
LN656,878587,HYD01,Home Loan,4351938.09,34.85,INR,2024-09-20,2033-11-03,Active
LN657,139157,CHN01,Personal Loan,9105862.3,8.29,INR,2023-03-04,2028-02-16,Default
LN658,831373,HYD01,Home Loan,8880170.3,13.76,INR,2024-01-08,2026-09-13,Default
LN659,119857,BLR01,Corporate Loan,672792.12,8.8,INR,2024-05-17,2034-01-09,Default
LN660,792047,KOL01,Home Loan,1834920.42,9.67,INR,2024-05-21,2033-01-08,Default
LN661,549185,BLR01,Corporate Loan,8490717.32,10.08,INR,2023-08-10,2026-04-28,Active
LN662,576850,BLR01,Auto Loan,1250119.31,6.97,INR,2024-12-27,2032-07-13,Closed
LN663,255999,CHN01,Corporate Loan,7122069.18,13.09,INR,2023-05-27,2030-10-26,Closed
LN664,937651,KOL01,Corporate Loan,5931307.02,12.58,INR,2024-09-18,2033-05-27,Default
LN665,688102,DEL01,Personal Loan,8869241.36,11.5,INR,2024-12-16,2027-09-20,Active
LN666,845676,KOL01,Auto Loan,9392135.78,9.48,INR,2024-05-31,2034-04-23,Closed
LN667,602772,KOL01,Auto Loan,9079871.37,10.62,INR,2023-05-07,2032-12-28,Active
LN668,737267,CHN01,Auto Loan,6688006.46,-0.47,INR,2024-03-11,2030-05-24,Active
LN669,969170,DEL01,Corporate Loan,1865633.22,13.41,INR,2024-03-31,2031-08-19,Closed
LN670,287207,KOL01,Personal Loan,9207194.51,11.43,INR,2023-11-22,2030-12-02,Active
LN671,108520,BLR01,Auto Loan,7380184.98,7.32,INR,2024-11-14,2034-07-06,Active
LN672,388004,KOL01,Home Loan,509271.92,8.84,INR,2024-10-01,2026-07-29,Active
LN673,906632,HYD01,Corporate Loan,5950636.24,10.02,INR,2023-09-14,2033-05-05,Closed
LN674,549755,DEL01,Home Loan,7654909.47,8.29,INR,2024-02-23,2027-11-06,Closed
LN675,554885,BLR01,Personal Loan,6770533.77,8.99,INR,2023-04-05,2030-06-20,Active
LN676,374851,CHN01,Home Loan,4492781.68,9.6,INR,2024-11-11,2028-05-17,Closed
LN677,571663,MUM01,Corporate Loan,608296.88,10.32,INR,2023-10-17,2033-05-02,Active
LN678,273597,BLR01,Auto Loan,5142457.83,7.64,INR,2024-06-03,2026-08-18,Closed
LN679,567498,CHN02,Personal Loan,3459495.41,12.18,INR,2024-06-29,2031-11-29,Default
LN680,226330,CHN01,Personal Loan,6113432.04,37.99,INR,2023-08-14,2028-06-11,Default
LN681,341793,KOL01,Personal Loan,583615.97,13.57,INR,2024-03-30,2030-11-03,Active
LN682,644298,BLR01,Personal Loan,3946575.25,10.36,INR,2024-04-29,2033-12-12,Active
LN683,933122,BLR01,Auto Loan,5749541.37,27.92,INR,2024-09-16,2031-10-04,Default
LN684,647711,BLR01,Home Loan,5475614.43,11.96,INR,2024-12-15,2027-12-25,Default
LN685,425495,BLR01,Corporate Loan,8531731.05,11.19,INR,2023-12-02,2026-03-22,Default
LN686,690001,MUM01,Auto Loan,6922138.75,13.14,INR,2024-04-10,2028-08-22,Active
LN687,596154,HYD01,Personal Loan,2644518.28,7.03,INR,2023-03-21,2031-05-08,Active
LN688,551278,HYD01,Auto Loan,3132543.05,7.5,INR,2023-09-28,2025-08-02,Default
LN689,111151,BLR01,Home Loan,9711775.23,12.25,INR,2023-03-02,2028-12-31,Default
LN690,894026,HYD01,Home Loan,6587282.61,11.82,INR,2024-06-23,2026-09-20,Default
LN691,253649,MUM01,Home Loan,2714400.54,7.62,INR,2023-02-20,2026-06-16,Closed
LN692,848285,DEL01,Personal Loan,4553230.75,13.87,INR,2024-12-31,2033-12-13,Closed
LN693,894226,KOL01,Personal Loan,3979742.57,11.6,INR,2024-06-14,2031-04-22,Closed
LN694,672745,KOL01,Corporate Loan,9129565.0,9.38,INR,2023-11-23,2032-04-06,Active
LN695,561437,DEL01,Home Loan,4614255.17,7.58,INR,2024-09-20,2025-10-13,Active
LN696,791935,DEL01,Personal Loan,-2058.84,11.85,INR,2023-05-22,2030-09-14,Active
LN697,897608,CHN02,Personal Loan,3946646.78,9.28,INR,2023-05-25,2029-10-12,Default
LN698,596175,DEL01,Home Loan,5456847.32,10.18,INR,2023-01-09,2030-04-26,Default
LN699,331036,CHN02,Auto Loan,8546322.39,11.74,INR,2024-07-05,2028-01-13,Default
LN700,352652,MUM01,Corporate Loan,4840022.12,8.31,INR,2023-04-13,2026-11-19,Active
LN701,358235,DEL01,Auto Loan,819829.62,9.09,INR,2024-06-17,2031-08-12,Closed
LN702,951174,CHN02,Home Loan,6362862.33,12.02,INR,2023-09-17,2027-07-31,Active
LN703,960847,HYD01,Corporate Loan,2417322.74,24.9,INR,2024-09-21,2032-10-30,Default
LN704,524706,BLR01,Auto Loan,9158431.15,9.62,INR,2023-10-31,2028-01-31,Active
LN705,666128,HYD01,Home Loan,8799454.36,11.29,INR,2024-05-28,2031-12-16,Default
LN706,701030,CHN01,Auto Loan,263044.55,8.76,INR,2024-10-17,2031-12-17,Closed
LN707,161290,CHN01,Corporate Loan,8047585.31,10.55,INR,2024-11-25,2034-03-05,Default
LN708,696119,MUM01,Corporate Loan,6256957.53,9.65,INR,2023-04-30,2024-11-30,Active
LN709,103375,CHN01,Home Loan,6795040.49,13.8,INR,2024-07-11,2032-05-25,Closed
LN710,874329,DEL01,Corporate Loan,6622157.83,10.0,INR,2024-10-18,2033-01-14,Closed
LN711,567899,HYD01,Auto Loan,3048945.42,9.47,INR,2024-06-16,2031-03-07,Active
LN712,529836,DEL01,Corporate Loan,9999659.86,12.25,INR,2023-02-01,2031-10-25,Default
LN713,603144,CHN01,Home Loan,5264779.97,9.36,INR,2023-06-02,2029-07-22,Default
LN714,563438,MUM01,Corporate Loan,8850067.93,13.11,INR,2023-02-11,2029-04-12,Default
LN715,539719,BLR01,Home Loan,3177389.83,10.74,INR,2024-11-06,2028-01-24,Closed
LN716,545735,HYD01,Auto Loan,7553383.42,12.38,INR,2023-08-23,2025-07-16,Closed
LN717,520501,CHN01,Auto Loan,9022637.81,10.25,INR,2023-05-30,2026-07-10,Closed
LN718,144981,BLR01,Personal Loan,-665837.0,13.74,INR,2024-02-29,2032-11-12,Active
LN719,836970,CHN02,Corporate Loan,3465679.89,7.24,INR,2023-08-17,2032-05-14,Default
LN720,836346,DEL01,Personal Loan,748578.38,11.58,INR,2024-05-05,2027-12-23,Closed
LN721,476021,MUM01,Corporate Loan,2903051.49,7.4,INR,2024-11-09,2033-03-22,Default
LN722,718259,MUM01,Personal Loan,3880157.21,13.84,INR,2024-10-28,2029-10-09,Active
LN723,420021,HYD01,Home Loan,7092414.04,10.43,INR,2023-06-29,2033-03-29,Default
LN724,638115,BLR01,Auto Loan,4293200.8,12.86,INR,2024-08-26,2033-06-13,Active
LN725,273377,BLR01,Home Loan,815020.68,11.21,INR,2023-06-18,2028-01-04,Default
LN726,306313,MUM01,Corporate Loan,9108822.47,7.45,INR,2024-02-08,2027-07-24,Active
LN727,130974,HYD01,Corporate Loan,3042304.06,8.14,INR,2023-08-07,2033-03-30,Active
LN728,485629,DEL01,Corporate Loan,685804.84,9.1,INR,2023-12-30,2032-06-10,Closed
LN729,228260,BLR01,Personal Loan,747956.53,13.09,INR,2024-03-11,2033-05-29,Closed
LN730,465644,BLR01,Auto Loan,4084660.38,13.06,INR,2024-07-23,2026-05-28,Active
LN731,725950,BLR01,Personal Loan,3778248.32,7.54,INR,2023-07-09,2031-01-27,Active
LN732,142273,DEL01,Corporate Loan,4584958.51,6.61,INR,2023-09-13,2027-09-03,Closed
LN733,210253,CHN01,Corporate Loan,2462028.98,7.61,INR,2024-08-18,2031-03-06,Closed
LN734,988330,BLR01,Personal Loan,8801757.13,9.71,INR,2023-11-12,2030-07-12,Default
LN735,663379,HYD01,Auto Loan,1763825.29,9.47,INR,2024-04-04,2030-08-03,Active
LN736,218035,CHN02,Home Loan,7191101.55,12.93,INR,2023-09-07,2026-12-20,Active
LN737,387414,CHN02,Home Loan,3587474.59,7.72,INR,2023-06-25,2032-12-23,Active
LN738,764767,CHN01,Auto Loan,751880.28,10.54,INR,2023-01-14,2026-03-22,Closed
LN739,482111,CHN01,Personal Loan,431581.35,10.52,INR,2023-04-08,2025-02-18,Active
LN740,492829,MUM01,Auto Loan,1839985.41,11.65,INR,2024-11-07,2029-07-29,Default
LN741,771902,HYD01,Personal Loan,1859212.34,13.82,INR,2023-08-07,2028-03-05,Default
LN742,235410,DEL01,Corporate Loan,6903302.3,8.91,INR,2024-09-22,2027-08-09,Default
LN743,919028,CHN01,Corporate Loan,7320960.77,10.98,INR,2024-04-24,2029-02-07,Default
LN744,402137,KOL01,Home Loan,9002761.93,27.03,INR,2023-01-21,2026-07-05,Default
LN745,608188,CHN01,Auto Loan,192567.72,8.56,INR,2023-06-22,2030-02-28,Closed
LN746,875599,CHN01,Home Loan,9829309.42,12.6,INR,2023-07-13,2030-09-26,Active
LN747,184665,DEL01,Auto Loan,5252371.8,11.84,INR,2023-01-08,2026-08-26,Active
LN748,527755,DEL01,Home Loan,7272224.04,9.08,INR,2024-09-24,2033-01-25,Default
LN749,564001,BLR01,Auto Loan,2492414.74,11.84,INR,2023-07-19,2032-09-30,Active
LN750,491436,MUM01,Home Loan,9934301.05,7.26,INR,2024-10-17,2027-04-26,Closed
LN751,948184,CHN01,Auto Loan,2349331.74,13.92,INR,2024-06-28,2033-04-03,Default
LN752,357189,KOL01,Auto Loan,9964246.29,6.55,INR,2023-05-02,2026-12-29,Active
LN753,168406,DEL01,Auto Loan,7625573.21,13.11,INR,2023-10-08,2029-01-16,Active
LN754,745890,BLR01,Home Loan,7652202.06,7.0,INR,2023-03-21,2024-05-27,Closed
LN755,167492,KOL01,Auto Loan,4806120.1,8.85,INR,2023-01-07,2029-08-12,Closed
LN756,461080,BLR01,Home Loan,445588.17,8.92,INR,2024-12-16,2027-03-23,Active
LN757,727733,DEL01,Auto Loan,7504779.18,10.27,INR,2023-03-02,2031-03-23,Active
LN758,629019,MUM01,Personal Loan,2432091.53,10.71,INR,2023-04-13,2025-02-18,Default
LN759,259756,DEL01,Corporate Loan,5977782.3,28.1,INR,2024-03-17,2030-11-04,Active
LN760,687534,BLR01,Personal Loan,6295267.19,11.21,INR,2024-03-01,2032-12-27,Active
LN761,606008,BLR01,Auto Loan,7076141.07,8.84,INR,2023-09-21,2028-05-25,Default
LN762,303160,HYD01,Corporate Loan,867104.94,11.47,INR,2024-11-27,2032-05-30,Active
LN763,464388,DEL01,Auto Loan,5479840.93,9.66,INR,2023-09-01,2029-06-20,Default
LN764,957646,CHN01,Auto Loan,6538564.84,7.26,INR,2024-06-23,2033-10-08,Closed
LN765,865493,BLR01,Home Loan,-71242.61,10.56,INR,2023-01-14,2032-04-07,Default
LN766,191856,KOL01,Personal Loan,5218381.11,13.83,INR,2024-10-26,2030-09-24,Default
LN767,111432,MUM01,Personal Loan,7662514.33,8.21,INR,2023-11-13,2028-07-13,Closed
LN768,905805,CHN02,Corporate Loan,4711141.4,13.45,INR,2023-11-10,2032-09-06,Active
LN769,977020,KOL01,Home Loan,9003984.25,8.13,INR,2023-01-12,2025-07-12,Active
LN770,344875,HYD01,Corporate Loan,8924794.68,8.13,INR,2024-07-25,2030-09-13,Default
LN771,992957,CHN02,Personal Loan,133007.88,13.01,INR,2023-10-11,2030-02-03,Active
LN772,831083,HYD01,Personal Loan,5408333.1,9.71,INR,2023-12-26,2030-05-26,Default
LN773,898154,MUM01,Auto Loan,4689732.7,6.9,INR,2023-01-07,2030-05-05,Default
LN774,772149,CHN02,Auto Loan,5172314.84,11.57,INR,2024-06-09,2027-05-12,Active
LN775,665775,BLR01,Corporate Loan,2969827.3,7.79,INR,2024-06-16,2026-12-30,Active
LN776,820545,BLR01,Home Loan,7894721.65,9.62,INR,2024-05-17,2033-11-07,Closed
LN777,144393,CHN01,Corporate Loan,4474096.56,6.89,INR,2023-01-03,2027-04-23,Closed
LN778,342044,DEL01,Home Loan,5056782.03,13.39,INR,2024-02-07,2034-01-10,Default
LN779,930184,HYD01,Personal Loan,3620032.34,10.75,INR,2024-10-05,2030-10-10,Active
LN780,803223,CHN02,Auto Loan,578136.22,12.8,INR,2023-03-29,2026-06-18,Default
LN781,349860,BLR01,Auto Loan,749344.76,10.63,INR,2023-06-20,2028-09-08,Closed
LN782,432708,HYD01,Home Loan,1865185.98,12.64,INR,2023-01-10,2029-08-15,Default
LN783,979739,MUM01,Corporate Loan,9758995.76,12.03,INR,2023-06-23,2032-01-12,Closed
LN784,208725,BLR01,Home Loan,1185162.5,11.89,INR,2023-09-09,2027-10-26,Active
LN785,896083,MUM01,Home Loan,8676778.99,8.7,INR,2024-08-29,2028-05-23,Closed
LN786,517327,MUM01,Personal Loan,7924427.48,13.31,INR,2024-01-28,2028-12-21,Active
LN787,380788,HYD01,Corporate Loan,6143152.38,11.18,INR,2024-11-14,2034-10-14,Closed
LN788,924839,DEL01,Corporate Loan,8528699.12,11.79,INR,2024-05-15,2030-06-13,Closed
LN789,793363,DEL01,Home Loan,9174174.89,7.15,INR,2023-10-18,2027-08-02,Closed
LN790,915697,HYD01,Auto Loan,7178285.59,12.14,INR,2023-06-28,2026-09-03,Active
LN791,939672,DEL01,Personal Loan,3529394.65,7.85,INR,2024-10-03,2032-04-30,Default
LN792,521255,CHN02,Auto Loan,1293869.75,9.39,INR,2023-11-15,2031-06-04,Active
LN793,733786,CHN02,Corporate Loan,5492273.91,6.79,INR,2023-10-21,2030-05-16,Closed
LN794,558540,CHN02,Home Loan,8703950.48,13.26,INR,2023-05-06,2029-12-15,Active
LN795,135272,CHN01,Personal Loan,8746490.14,7.68,INR,2023-11-20,2032-04-06,Default
LN796,102881,CHN01,Corporate Loan,2387344.41,13.95,INR,2024-02-17,2032-03-09,Active
LN797,922112,DEL01,Personal Loan,3228711.64,7.8,INR,2023-01-23,2030-01-06,Default
LN798,805291,DEL01,Auto Loan,2358356.48,12.2,INR,2023-03-01,2028-12-03,Closed
LN799,930634,MUM01,Personal Loan,1665721.79,7.49,INR,2023-07-04,2025-01-28,Active
LN800,759804,KOL01,Home Loan,415468.6,7.51,INR,2023-01-21,2025-03-14,Closed
LN801,473929,CHN01,Personal Loan,7537337.08,11.97,INR,2024-03-07,2027-03-08,Active
LN802,519478,HYD01,Auto Loan,6905484.79,9.28,INR,2023-08-01,2026-08-06,Closed
LN803,788130,BLR01,Personal Loan,5078342.94,11.95,INR,2024-06-13,2029-02-12,Closed
LN804,558947,CHN01,Corporate Loan,4850354.46,10.8,INR,2024-03-31,2029-03-05,Closed
LN805,882575,CHN02,Corporate Loan,6554127.88,13.09,INR,2023-02-10,2026-02-19,Default
LN806,616440,CHN02,Auto Loan,4858871.95,7.77,INR,2023-09-21,2033-08-18,Closed
LN807,310911,DEL01,Personal Loan,97021.05,11.0,INR,2023-10-31,2030-08-09,Closed
LN808,861631,BLR01,Auto Loan,4261526.28,13.61,INR,2023-06-30,2031-03-11,Default
LN809,225832,KOL01,Personal Loan,9793801.52,7.83,INR,2024-07-28,2034-06-30,Active
LN810,404790,KOL01,Home Loan,994557.05,6.93,INR,2024-09-25,2026-03-09,Default
LN811,445949,HYD01,Home Loan,9626045.73,38.01,INR,2023-03-28,2026-06-18,Default
LN812,460876,KOL01,Auto Loan,4611351.38,12.51,INR,2024-02-12,2027-06-06,Closed
LN813,824358,CHN02,Auto Loan,1629025.26,12.06,INR,2024-12-17,2032-02-05,Active
LN814,605140,KOL01,Corporate Loan,2124242.12,10.65,INR,2023-03-22,2026-11-20,Default
LN815,473888,HYD01,Corporate Loan,9856800.13,9.75,INR,2023-06-14,2030-03-15,Closed
LN816,627402,CHN01,Home Loan,4929742.53,13.55,INR,2024-06-17,2033-09-14,Default
LN817,513185,KOL01,Auto Loan,6239777.37,8.0,INR,2024-07-16,2033-05-05,Closed
LN818,463011,CHN02,Personal Loan,8276998.11,13.24,INR,2023-10-26,2026-06-04,Active
LN819,977632,MUM01,Personal Loan,9467896.48,7.1,INR,2024-03-07,2026-05-10,Closed
LN820,286397,KOL01,Auto Loan,8668206.94,13.68,INR,2024-07-09,2030-10-10,Active
LN821,979812,CHN01,Auto Loan,328143.74,9.15,INR,2023-05-30,2028-06-20,Active
LN822,449180,DEL01,Personal Loan,6310107.34,8.12,INR,2024-06-14,2032-09-23,Active
LN823,766746,BLR01,Home Loan,9146994.35,7.37,INR,2024-01-26,2026-04-05,Closed
LN824,678308,MUM01,Auto Loan,8239433.33,7.63,INR,2024-09-28,2030-03-08,Closed
LN825,433599,KOL01,Auto Loan,3998794.7,13.97,INR,2024-05-05,2029-07-03,Closed
LN826,466953,KOL01,Auto Loan,6275817.44,11.33,INR,2024-10-08,2026-05-04,Closed
LN827,135349,CHN01,Corporate Loan,4693256.0,13.28,INR,2024-04-13,2030-06-07,Closed
LN828,396723,MUM01,Corporate Loan,1730310.5,8.21,INR,2023-11-04,2032-05-13,Closed
LN829,106223,HYD01,Corporate Loan,9245586.27,9.76,INR,2023-10-09,2031-04-29,Default
LN830,914686,MUM01,Personal Loan,2129382.03,6.77,INR,2023-05-08,2032-12-27,Closed
LN831,201106,BLR01,Auto Loan,9332785.48,12.65,INR,2023-04-15,2027-05-29,Active
LN832,284571,KOL01,Personal Loan,3190727.41,10.61,INR,2024-01-18,2025-09-24,Closed
LN833,469580,HYD01,Auto Loan,8566328.15,13.45,INR,2024-04-30,2026-01-24,Closed
LN834,429750,MUM01,Corporate Loan,8371933.17,11.86,INR,2023-05-10,2025-10-30,Closed
LN835,193778,CHN01,Auto Loan,5953437.07,13.46,INR,2023-05-28,2024-12-27,Closed
LN836,972308,CHN02,Corporate Loan,4209993.1,7.56,INR,2024-04-22,2029-10-30,Closed
LN837,733393,BLR01,Corporate Loan,2147381.88,12.81,INR,2023-10-13,2029-10-06,Closed
LN838,438243,KOL01,Personal Loan,2109550.85,10.16,INR,2023-08-17,2024-11-06,Default
LN839,446859,KOL01,Corporate Loan,9591605.39,7.99,INR,2023-04-25,2030-11-18,Active
LN840,270268,DEL01,Corporate Loan,7921260.98,9.0,INR,2023-10-29,2029-06-03,Active
LN841,292811,BLR01,Home Loan,1386676.81,12.32,INR,2024-04-28,2026-01-08,Default
LN842,547878,BLR01,Personal Loan,2799276.97,8.05,INR,2024-11-11,2033-08-18,Closed
LN843,260245,BLR01,Personal Loan,1313712.17,6.64,INR,2024-11-10,2034-01-19,Closed
LN844,997031,MUM01,Auto Loan,3186156.33,13.88,INR,2024-07-27,2032-12-04,Closed
LN845,532599,KOL01,Corporate Loan,3917112.74,13.51,INR,2024-07-26,2025-12-26,Default
LN846,821447,DEL01,Home Loan,9144286.68,12.52,INR,2024-10-14,2030-06-07,Closed
LN847,109208,DEL01,Personal Loan,9950932.13,8.02,INR,2023-10-11,2027-06-29,Default
LN848,834833,MUM01,Auto Loan,5485078.06,13.26,INR,2023-02-01,2026-05-29,Default
LN849,822788,CHN02,Home Loan,4192842.88,12.02,INR,2023-07-20,2027-08-31,Closed
LN850,763026,CHN01,Corporate Loan,4441345.37,6.84,INR,2023-10-18,2025-12-12,Closed
LN851,611778,HYD01,Auto Loan,6927883.34,10.5,INR,2023-06-25,2029-11-13,Active
LN852,611329,BLR01,Personal Loan,8241553.75,9.55,INR,2024-04-15,2033-01-06,Closed
LN853,456046,CHN02,Corporate Loan,3202218.8,8.99,INR,2024-01-02,2025-12-28,Active
LN854,635375,KOL01,Personal Loan,8320548.38,7.14,INR,2024-02-16,2033-08-08,Closed
LN855,712753,KOL01,Corporate Loan,5448001.01,13.54,INR,2023-02-11,2026-06-14,Closed
LN856,675397,DEL01,Personal Loan,6330905.27,6.85,INR,2024-08-11,2031-03-14,Active
LN857,655019,DEL01,Home Loan,3265078.4,9.68,INR,2024-04-25,2028-04-16,Active
LN858,375914,CHN02,Home Loan,7618547.26,13.53,INR,2023-12-15,2033-04-06,Default
LN859,636294,MUM01,Home Loan,4827718.82,10.86,INR,2023-06-12,2032-08-11,Default
LN860,283264,KOL01,Home Loan,4810717.69,13.37,INR,2023-02-23,2025-01-22,Active
LN861,356345,KOL01,Auto Loan,4577341.33,10.77,INR,2023-11-13,2027-11-21,Active
LN862,686423,KOL01,Personal Loan,3365281.15,11.84,INR,2024-10-04,2034-08-27,Default
LN863,855579,BLR01,Corporate Loan,9395161.08,13.53,INR,2023-07-11,2032-02-28,Default
LN864,606660,HYD01,Home Loan,5813910.24,7.14,INR,2024-05-15,2025-09-13,Closed
LN865,927554,CHN02,Corporate Loan,1561347.58,12.82,INR,2023-02-22,2025-08-16,Active
LN866,362648,CHN02,Personal Loan,-153324.72,9.06,INR,2024-04-07,2033-06-12,Default
LN867,103825,BLR01,Personal Loan,9148579.02,10.05,INR,2023-10-30,2030-11-29,Active
LN868,277887,CHN01,Corporate Loan,9508204.06,12.97,INR,2023-11-21,2028-01-19,Active
LN869,915253,CHN01,Corporate Loan,362176.05,12.23,INR,2024-04-20,2028-09-10,Closed
LN870,633730,DEL01,Corporate Loan,5640744.77,6.56,INR,2024-05-30,2030-03-09,Active
LN871,977258,DEL01,Home Loan,9105801.5,10.71,INR,2023-03-26,2028-01-22,Default
LN872,272572,KOL01,Personal Loan,7022317.04,13.92,INR,2024-01-06,2029-05-04,Closed
LN873,609077,MUM01,Personal Loan,3325157.98,7.99,INR,2023-09-13,2030-04-02,Default
LN874,626628,CHN02,Personal Loan,6193171.19,13.62,INR,2024-09-20,2025-12-24,Closed
LN875,914944,CHN01,Corporate Loan,2887643.55,8.36,INR,2023-02-04,2032-03-01,Default
LN876,460661,HYD01,Auto Loan,4049682.46,7.61,INR,2024-03-27,2032-03-16,Default
LN877,626283,BLR01,Personal Loan,506914.83,8.01,INR,2023-07-28,2026-04-15,Active
LN878,378303,BLR01,Home Loan,3723312.76,11.31,INR,2024-01-10,2028-10-29,Default
LN879,638567,DEL01,Home Loan,9427223.33,8.7,INR,2023-10-08,2025-07-01,Closed
LN880,329529,MUM01,Auto Loan,2529719.99,8.01,INR,2023-02-07,2028-08-03,Active
LN881,555174,CHN02,Auto Loan,7463354.31,13.91,INR,2023-07-26,2025-10-09,Active
LN882,172213,MUM01,Personal Loan,2794168.08,11.1,INR,2024-06-28,2031-08-10,Closed
LN883,599903,MUM01,Personal Loan,1449711.02,8.13,INR,2023-05-04,2029-09-16,Active
LN884,742142,CHN02,Home Loan,597739.18,11.28,INR,2023-02-12,2025-08-16,Closed
LN885,867839,KOL01,Personal Loan,128540.35,11.57,INR,2023-10-09,2031-06-24,Default
LN886,935291,KOL01,Corporate Loan,9901364.09,10.07,INR,2024-05-29,2033-05-12,Closed
LN887,918788,CHN02,Corporate Loan,9067300.74,7.29,INR,2023-01-12,2032-08-09,Closed
LN888,468072,CHN01,Personal Loan,3474371.4,10.02,INR,2023-04-26,2025-02-02,Closed
LN889,222686,DEL01,Corporate Loan,9566038.34,10.1,INR,2024-12-17,2027-05-06,Default
LN890,671962,HYD01,Corporate Loan,1798571.29,7.31,INR,2024-04-20,2026-11-14,Active
LN891,746811,CHN02,Personal Loan,2948043.08,13.42,INR,2023-04-20,2030-04-21,Active
LN892,602186,HYD01,Corporate Loan,173058.94,10.5,INR,2023-04-26,2030-04-17,Closed
LN893,748141,DEL01,Personal Loan,8377432.1,10.53,INR,2023-11-22,2025-02-01,Closed
LN894,721982,HYD01,Personal Loan,160609.93,9.97,INR,2023-07-31,2026-02-08,Default
LN895,161801,KOL01,Home Loan,7331814.95,9.48,INR,2023-04-22,2025-12-24,Closed
LN896,889945,HYD01,Auto Loan,6202825.62,7.48,INR,2023-10-19,2029-11-26,Default
LN897,612482,MUM01,Home Loan,8129054.43,10.88,INR,2024-02-28,2025-07-31,Closed
LN898,580234,CHN02,Home Loan,2025106.38,12.98,INR,2024-10-30,2031-03-02,Default
LN899,261555,KOL01,Corporate Loan,3558590.14,12.31,INR,2023-08-04,2024-12-05,Default
LN900,925561,KOL01,Auto Loan,1892240.48,7.27,INR,2024-07-27,2030-01-20,Active
LN901,379550,MUM01,Auto Loan,8522500.71,11.76,INR,2023-10-20,2033-07-01,Default
LN902,830590,HYD01,Home Loan,264567.31,12.24,INR,2024-10-24,2032-02-15,Active
LN903,151924,DEL01,Personal Loan,7896538.48,11.72,INR,2023-05-15,2029-12-19,Closed
LN904,230366,CHN01,Corporate Loan,3535894.88,9.93,INR,2024-09-13,2028-01-12,Active
LN905,711612,BLR01,Corporate Loan,578808.74,6.92,INR,2024-01-18,2032-12-02,Default
LN906,280467,BLR01,Corporate Loan,848408.33,11.05,INR,2024-07-11,2033-02-22,Default
LN907,804622,MUM01,Auto Loan,8191882.41,13.0,INR,2024-04-06,2034-03-22,Default
LN908,531706,MUM01,Home Loan,6013264.28,9.88,INR,2024-12-22,2032-05-12,Closed
LN909,139600,HYD01,Home Loan,8940342.92,12.63,INR,2024-04-26,2026-03-06,Active
LN910,819947,CHN01,Auto Loan,5042146.22,9.66,INR,2024-08-23,2027-12-16,Closed
LN911,284206,MUM01,Corporate Loan,4635669.52,10.84,INR,2023-03-04,2032-05-28,Default
LN912,251530,KOL01,Personal Loan,8188113.23,32.2,INR,2024-11-08,2028-12-28,Active
LN913,573488,KOL01,Auto Loan,2936566.91,6.76,INR,2024-01-07,2033-06-07,Closed
LN914,517570,BLR01,Corporate Loan,6530100.39,12.97,INR,2024-07-31,2032-06-20,Default
LN915,297585,CHN02,Personal Loan,5061878.47,9.33,INR,2023-08-04,2027-08-01,Active
LN916,859306,KOL01,Home Loan,4836215.62,12.58,INR,2023-06-12,2032-05-15,Default
LN917,270413,DEL01,Home Loan,5965664.87,13.62,INR,2024-08-27,2026-06-07,Closed
LN918,553029,DEL01,Personal Loan,6822023.2,9.5,INR,2024-01-13,2029-01-24,Closed
LN919,462847,DEL01,Personal Loan,2075287.37,11.31,INR,2023-03-03,2030-05-06,Active
LN920,499147,KOL01,Corporate Loan,1411335.0,7.96,INR,2023-07-18,2029-04-02,Active
LN921,438121,CHN02,Auto Loan,2120381.21,11.58,INR,2023-06-12,2032-02-10,Closed
LN922,143032,BLR01,Personal Loan,3989794.93,13.78,INR,2023-01-30,2029-02-22,Closed
LN923,368431,DEL01,Personal Loan,7675707.18,9.27,INR,2024-05-25,2030-04-04,Active
LN924,516138,CHN02,Home Loan,3990454.56,11.67,INR,2024-03-15,2026-06-23,Default
LN925,153083,MUM01,Home Loan,884392.64,7.24,INR,2024-07-08,2028-05-27,Default
LN926,975428,CHN01,Corporate Loan,3493629.14,13.39,INR,2024-02-10,2031-12-20,Closed
LN927,290761,CHN01,Corporate Loan,8310132.66,12.17,INR,2024-03-24,2026-01-05,Active
LN928,777549,BLR01,Home Loan,6351477.35,10.01,INR,2024-09-02,2027-06-12,Default
LN929,763359,HYD01,Personal Loan,8123554.82,9.65,INR,2024-12-25,2029-08-31,Active
LN930,751141,KOL01,Auto Loan,7109106.57,12.18,INR,2023-04-13,2029-08-03,Active
LN931,569492,DEL01,Personal Loan,5674594.45,8.57,INR,2024-12-12,2033-12-19,Default
LN932,925339,DEL01,Corporate Loan,1418630.74,13.35,INR,2024-09-15,2028-09-16,Closed
LN933,577510,CHN01,Home Loan,5225548.68,11.56,INR,2024-09-21,2028-07-24,Active
LN934,156326,DEL01,Auto Loan,9479727.1,11.82,INR,2023-07-27,2027-08-21,Active
LN935,510147,DEL01,Personal Loan,8566247.03,9.26,INR,2023-01-16,2031-12-04,Closed
LN936,815518,MUM01,Auto Loan,2699227.87,12.03,INR,2024-05-21,2032-10-15,Closed
LN937,338622,KOL01,Personal Loan,7020903.09,7.97,INR,2024-09-03,2028-08-31,Active
LN938,381286,DEL01,Personal Loan,1952042.97,11.24,INR,2023-04-14,2027-06-24,Closed
LN939,584194,BLR01,Corporate Loan,6523898.19,10.18,INR,2023-06-21,2028-07-23,Default
LN940,204179,CHN01,Home Loan,3999916.38,10.01,INR,2024-06-09,2028-11-22,Active
LN941,161459,KOL01,Home Loan,1480168.97,6.83,INR,2024-06-07,2028-11-14,Active
LN942,602029,DEL01,Auto Loan,7852269.3,10.31,INR,2023-12-13,2030-01-31,Default
LN943,149844,KOL01,Corporate Loan,2100289.59,10.89,INR,2023-04-09,2028-05-20,Closed
LN944,644746,CHN02,Auto Loan,1548507.36,7.81,INR,2023-09-25,2033-06-27,Default
LN945,263325,CHN01,Auto Loan,2014702.08,12.56,INR,2024-12-15,2029-06-05,Default
LN946,443225,DEL01,Auto Loan,9936621.87,10.09,INR,2023-03-20,2032-02-08,Closed
LN947,329271,HYD01,Corporate Loan,1947631.8,8.99,INR,2023-11-03,2028-04-06,Active
LN948,307472,CHN02,Personal Loan,1012613.49,13.96,INR,2024-04-27,2027-07-18,Default
LN949,921148,KOL01,Corporate Loan,6271467.16,7.19,INR,2024-09-27,2033-04-19,Default
LN950,256110,DEL01,Personal Loan,9208653.72,9.71,INR,2024-05-16,2030-08-06,Closed
LN951,905491,CHN02,Personal Loan,6619570.4,9.08,INR,2024-08-22,2032-08-26,Active
LN952,113802,CHN02,Corporate Loan,300028.27,13.61,INR,2023-09-29,2028-11-29,Active
LN953,972837,BLR01,Personal Loan,6775036.8,10.75,INR,2023-06-13,2026-11-16,Default
LN954,157565,DEL01,Auto Loan,522991.45,13.85,INR,2023-08-10,2028-07-16,Closed
LN955,630607,CHN01,Home Loan,7712365.57,7.47,INR,2024-05-20,2025-09-23,Closed
LN956,123179,MUM01,Personal Loan,1134870.64,13.22,INR,2023-10-10,2027-01-15,Closed
LN957,735211,HYD01,Home Loan,3893783.84,10.41,INR,2023-02-18,2028-04-08,Default
LN958,616979,CHN02,Auto Loan,7981586.42,33.11,INR,2023-09-21,2031-10-03,Active
LN959,278271,BLR01,Personal Loan,880350.75,13.38,INR,2024-08-26,2029-07-06,Closed
LN960,700571,HYD01,Corporate Loan,9835881.91,11.66,INR,2023-10-01,2029-07-17,Active
LN961,824039,CHN01,Corporate Loan,3220765.86,8.02,INR,2024-07-10,2031-06-24,Default
LN962,175896,CHN01,Corporate Loan,3658778.51,11.31,INR,2023-04-13,2031-03-09,Closed
LN963,664070,MUM01,Home Loan,6369176.65,13.29,INR,2023-03-24,2026-06-09,Active
LN964,469156,HYD01,Home Loan,958691.28,13.28,INR,2024-06-09,2029-05-22,Active
LN965,781978,CHN01,Corporate Loan,9421956.12,10.6,INR,2024-10-28,2027-04-15,Default
LN966,454600,KOL01,Home Loan,5585060.25,9.86,INR,2023-07-18,2027-10-26,Default
LN967,287749,CHN01,Personal Loan,5943014.37,12.77,INR,2024-09-20,2026-01-23,Active
LN968,338974,DEL01,Home Loan,7684180.71,7.14,INR,2024-07-21,2025-12-11,Default
LN969,217384,KOL01,Home Loan,3693824.52,7.53,INR,2023-12-25,2031-02-05,Active
LN970,173640,BLR01,Corporate Loan,5485447.9,9.41,INR,2024-08-15,2032-08-07,Default
LN971,327067,MUM01,Auto Loan,1760825.61,11.45,INR,2024-05-30,2031-09-06,Closed
LN972,135002,CHN02,Corporate Loan,8772945.56,6.87,INR,2023-07-09,2032-02-07,Active
LN973,263641,CHN02,Personal Loan,6878423.57,10.61,INR,2024-12-18,2030-06-20,Default
LN974,271079,HYD01,Personal Loan,3432344.42,9.85,INR,2024-07-15,2029-03-02,Closed
LN975,588417,CHN02,Home Loan,4741165.01,11.6,INR,2023-01-31,2030-06-28,Default
LN976,373733,BLR01,Home Loan,855375.13,12.33,INR,2023-05-28,2033-05-25,Default
LN977,891110,MUM01,Home Loan,8997101.83,7.54,INR,2024-05-03,2033-04-22,Default
LN978,143854,DEL01,Personal Loan,8738177.42,12.61,INR,2024-08-27,2030-10-20,Default
LN979,994641,CHN02,Home Loan,6240455.12,10.29,INR,2024-05-24,2032-12-30,Default
LN980,886108,CHN01,Personal Loan,7779877.39,13.09,INR,2024-06-07,2030-11-23,Active
LN981,628042,DEL01,Personal Loan,9803430.77,11.08,INR,2024-11-16,2031-07-13,Closed
LN982,633010,KOL01,Auto Loan,836403.94,9.72,INR,2023-07-29,2033-05-18,Active
LN983,186367,BLR01,Home Loan,2493899.61,13.88,INR,2024-10-01,2027-07-14,Closed
LN984,491091,CHN01,Home Loan,199478.98,9.7,INR,2023-01-24,2031-05-16,Default
LN985,881887,CHN01,Personal Loan,6830634.6,8.08,INR,2023-04-24,2024-12-21,Active
LN986,107024,MUM01,Auto Loan,4838614.2,7.29,INR,2024-11-10,2032-01-13,Default
LN987,512260,CHN02,Home Loan,4036858.19,9.9,INR,2023-02-20,2030-08-24,Closed
LN988,919665,CHN02,Corporate Loan,1970843.16,8.21,INR,2024-08-30,2034-06-14,Active
LN989,649852,MUM01,Auto Loan,3077757.27,13.39,INR,2024-09-22,2028-10-30,Default
LN990,790911,KOL01,Personal Loan,8957636.91,12.05,INR,2024-03-20,2029-05-02,Closed
LN991,977636,KOL01,Corporate Loan,8252143.89,8.2,INR,2024-08-23,2025-08-29,Active
LN992,438638,HYD01,Personal Loan,3036909.91,8.59,INR,2024-05-03,2025-11-30,Active
LN993,465202,HYD01,Personal Loan,4676650.08,9.09,INR,2023-06-27,2032-01-12,Active
LN994,188107,KOL01,Auto Loan,9080038.93,10.96,INR,2023-12-11,2032-01-20,Closed
LN995,914289,KOL01,Personal Loan,2499359.09,12.15,INR,2023-03-11,2029-12-02,Default
LN996,730960,BLR01,Personal Loan,815758.83,9.98,INR,2023-01-31,2028-07-09,Closed
LN997,941209,DEL01,Corporate Loan,1124789.33,9.33,INR,2024-10-10,2032-05-22,Closed
LN998,316342,KOL01,Auto Loan,8136208.69,13.88,INR,2023-02-27,2031-05-16,Active
LN999,491048,CHN01,Auto Loan,3382520.91,8.23,INR,2023-11-25,2033-10-10,Closed
LN1000,367034,DEL01,Corporate Loan,5688686.27,7.75,INR,2023-07-19,2025-06-24,Default
